Bin,Spi_loc,New_Spi,Row,DGRP,Total_in,Sex,Spider_24,Not_Spider_24,Outside_24,Spider_48,Not_Spider_48,Outside_48,Start_date,Humidity_start,Humidity_24,Humidity_48,Temp_start,Temp_24,Temp_48,BP_Start,BP_24,BP_48,Number
31,Front,No,1,508,10,Male,3,3,4,7,2,1,10/18/2016,53,46,41,22,21,22,100,101.8,101.6,1
30,Front,No,1,900,10,Male,1,3,6,5,5,0,10/18/2016,53,46,41,22,21,22,100,101.8,101.6,2
15,Back,No,1,843,10,Female,5,4,1,5,4,1,10/18/2016,53,46,41,22,21,22,100,101.8,101.6,3
36,Front,No,1,517,10,Female,4,5,1,5,5,0,10/18/2016,53,46,41,22,21,22,100,101.8,101.6,4
17,Front,No,1,843,10,Male,8,0,2,10,0,0,10/18/2016,53,46,41,22,21,22,100,101.8,101.6,5
46,Back,No,1,59,9,Male,3,4,2,3,4,2,10/18/2016,53,46,41,22,21,22,100,101.8,101.6,6
18,Back,No,1,757,10,Male,5,4,1,5,5,0,10/18/2016,53,46,41,22,21,22,100,101.8,101.6,7
7,Back,No,1,85,10,Male,1,9,0,9,1,0,10/18/2016,53,46,41,22,21,22,100,101.8,101.6,8
13,Back,No,1,59,9,Female,1,8,0,1,8,0,10/18/2016,53,46,41,22,21,22,100,101.8,101.6,9
54,Back,Yes,1,799,10,Male,1,7,2,3,7,0,10/18/2016,53,46,41,22,21,22,100,101.8,101.6,10
26,Back,No,1,508,10,Male,1,3,6,1,8,1,10/18/2016,53,46,41,22,21,22,100,101.8,101.6,11
59,Front,No,1,900,10,Female,6,1,3,8,2,0,10/18/2016,53,46,41,22,21,22,100,101.8,101.6,12
4,Front,No,1,757,9,Male,2,7,0,2,7,0,10/18/2016,53,46,41,22,21,22,100,101.8,101.6,13
2,Front,No,1,517,10,Female,6,3,1,6,3,1,10/18/2016,53,46,41,22,21,22,100,101.8,101.6,14
3,Back,No,1,508,10,Female,1,0,9,7,2,1,10/18/2016,53,46,41,22,21,22,100,101.8,101.6,15
44,Back,Yes,1,42,10,Female,2,2,6,6,4,0,10/18/2016,53,46,41,22,21,22,100,101.8,101.6,16
16,Back,Yes,1,301,10,Male,3,1,6,5,3,2,10/18/2016,53,46,41,22,21,22,100,101.8,101.6,17
22,Back,Yes,1,439,10,Male,1,9,0,1,9,0,10/18/2016,53,46,41,22,21,22,100,101.8,101.6,18
25,Back,Yes,1,42,10,Female,4,3,3,7,3,0,10/18/2016,53,46,41,22,21,22,100,101.8,101.6,19
1,Front,Yes,1,301,10,Male,2,1,7,3,7,0,10/18/2016,53,46,41,22,21,22,100,101.8,101.6,20
55,Front,Yes,1,375,9,Male,6,0,3,8,1,0,10/18/2016,53,46,41,22,21,22,100,101.8,101.6,21
40,Back,Yes,1,41,10,Female,1,0,9,8,1,1,10/18/2016,53,46,41,22,21,22,100,101.8,101.6,22
51,Back,Yes,1,492,10,Male,4,4,2,5,5,0,10/18/2016,53,46,41,22,21,22,100,101.8,101.6,23
37,Front,No,1,375,10,Male,1,2,7,3,5,2,10/18/2016,53,46,41,22,21,22,100,101.8,101.6,24
28,Back,No,2,799,10,Male,2,6,2,3,7,0,10/18/2016,53,46,41,22,21,22,100,101.8,101.6,25
14,Front,No,2,517,10,Male,0,1,9,0,7,3,10/18/2016,53,46,41,22,21,22,100,101.8,101.6,26
6,Back,No,2,757,10,Female,5,2,3,7,3,0,10/18/2016,53,46,41,22,21,22,100,101.8,101.6,27
35,Back,No,2,508,10,Female,2,2,6,5,4,1,10/18/2016,53,46,41,22,21,22,100,101.8,101.6,28
32,Front,No,2,900,10,Female,5,2,3,8,1,1,10/18/2016,53,46,41,22,21,22,100,101.8,101.6,29
10,Back,No,2,235,10,Female,7,2,1,7,3,0,10/18/2016,53,46,41,22,21,22,100,101.8,101.6,30
39,Back,No,2,799,10,Female,0,0,10,6,2,2,10/18/2016,53,46,41,22,21,22,100,101.8,101.6,31
9,Front,No,2,85,10,Female,4,6,0,4,5,1,10/18/2016,53,46,41,22,21,22,100,101.8,101.6,32
23,Front,No,2,235,10,Male,2,7,1,3,7,0,10/18/2016,53,46,41,22,21,22,100,101.8,101.6,33
41,Front,No,2,843,10,Female,8,1,1,9,1,0,10/18/2016,53,46,41,22,21,22,100,101.8,101.6,34
21,Back,No,2,757,10,Female,1,2,7,4,6,0,10/18/2016,53,46,41,22,21,22,100,101.8,101.6,35
8,Front,No,2,843,10,Male,4,5,1,5,5,0,10/18/2016,53,46,41,22,21,22,100,101.8,101.6,36
52,Back,No,2,900,10,Male,8,0,2,10,0,0,10/18/2016,53,46,41,22,21,22,100,101.8,101.6,37
24,Back,Yes,2,799,10,Female,2,3,5,3,6,1,10/18/2016,53,46,41,22,21,22,100,101.8,101.6,38
48,Front,Yes,2,42,10,Male,2,7,1,2,8,0,10/18/2016,53,46,41,22,21,22,100,101.8,101.6,39
56,Back,Yes,2,41,10,Male,1,6,3,1,9,0,10/18/2016,53,46,41,22,21,22,100,101.8,101.6,40
45,Front,Yes,2,439,10,Female,5,5,0,5,5,0,10/18/2016,53,46,41,22,21,22,100,101.8,101.6,41
38,Front,Yes,2,301,10,Female,4,5,1,4,6,0,10/18/2016,53,46,41,22,21,22,100,101.8,101.6,42
27,Front,Yes,2,375,10,Female,2,0,8,6,4,0,10/18/2016,53,46,41,22,21,22,100,101.8,101.6,43
34,Front,Yes,2,42,10,Male,1,7,2,2,7,1,10/18/2016,53,46,41,22,21,22,100,101.8,101.6,44
58,Back,Yes,2,517,6,Male,4,0,2,4,2,0,10/18/2016,53,46,41,22,21,22,100,101.8,101.6,45
19,Front,Yes,2,375,6,Female,4,0,2,5,1,0,10/18/2016,53,46,41,22,21,22,100,101.8,101.6,46
20,Back,Yes,2,492,10,Female,2,4,4,3,5,2,10/18/2016,53,46,41,22,21,22,100,101.8,101.6,47
43,Front,Yes,2,301,9,Female,0,7,2,0,9,0,10/18/2016,53,46,41,22,21,22,100,101.8,101.6,48
6,Back,No,1,28,10,Female,2,7,1,2,8,0,10/25/2016,21,21,26,21,21,21,102.6,103.1,101.3,49
15,Front,No,2,235,10,Male,8,2,0,8,2,0,10/25/2016,21,21,26,21,21,21,102.6,103.1,101.3,50
36,Front,No,1,395,10,Male,9,1,0,8,1,1,10/25/2016,21,21,26,21,21,21,102.6,103.1,101.3,51
26,Back,No,2,757,10,Female,7,2,1,8,2,0,10/25/2016,21,21,26,21,21,21,102.6,103.1,101.3,52
53,Back,No,1,177,10,Male,1,9,0,2,7,1,10/25/2016,21,21,26,21,21,21,102.6,103.1,101.3,53
13,Front,No,2,307,10,Female,2,6,2,3,7,0,10/25/2016,21,21,26,21,21,21,102.6,103.1,101.3,54
57,Front,No,1,757,10,Male,7,3,0,7,3,0,10/25/2016,21,21,26,21,21,21,102.6,103.1,101.3,55
8,Back,No,2,38,10,Male,3,7,0,3,6,1,10/25/2016,21,21,26,21,21,21,102.6,103.1,101.3,56
60,Back,No,1,373,10,Female,4,5,1,2,8,0,10/25/2016,21,21,26,21,21,21,102.6,103.1,101.3,57
50,Front,No,1,59,10,Female,9,1,0,9,1,0,10/25/2016,21,21,26,21,21,21,102.6,103.1,101.3,58
54,Back,No,2,907,10,Male,1,0,9,3,0,7,10/25/2016,21,21,26,21,21,21,102.6,103.1,101.3,59
49,Back,No,1,765,10,Male,2,6,2,2,6,2,10/25/2016,21,21,26,21,21,21,102.6,103.1,101.3,60
7,Front,No,2,395,10,Female,2,1,7,5,3,2,10/25/2016,21,21,26,21,21,21,102.6,103.1,101.3,61
1,Front,No,1,208,10,Female,1,4,5,3,7,0,10/25/2016,21,21,26,21,21,21,102.6,103.1,101.3,62
59,Back,No,2,765,10,Female,8,2,0,8,2,0,10/25/2016,21,21,26,21,21,21,102.6,103.1,101.3,63
34,Back,No,1,907,10,Female,3,0,7,3,0,7,10/25/2016,21,21,26,21,21,21,102.6,103.1,101.3,64
4,Front,No,2,373,10,Male,0,10,0,0,10,0,10/25/2016,21,21,26,21,21,21,102.6,103.1,101.3,65
27,Front,No,1,59,10,Male,1,8,1,2,8,0,10/25/2016,21,21,26,21,21,21,102.6,103.1,101.3,66
39,Back,No,2,38,10,Female,4,5,1,3,6,1,10/25/2016,21,21,26,21,21,21,102.6,103.1,101.3,67
44,Back,No,1,307,10,Male,2,7,1,3,7,0,10/25/2016,21,21,26,21,21,21,102.6,103.1,101.3,68
5,Front,No,2,235,10,Female,8,1,1,10,0,0,10/25/2016,21,21,26,21,21,21,102.6,103.1,101.3,69
45,Front,No,1,177,10,Female,6,1,3,8,2,0,10/25/2016,21,21,26,21,21,21,102.6,103.1,101.3,70
37,Back,No,2,208,10,Male,0,6,4,2,7,1,10/25/2016,21,21,26,21,21,21,102.6,103.1,101.3,71
42,Front,No,2,38,10,Female,5,5,0,4,5,1,10/25/2016,21,21,26,21,21,21,102.6,103.1,101.3,72
55,Front,No,1,757,10,Female,2,6,2,2,8,0,10/25/2016,21,21,26,21,21,21,102.6,103.1,101.3,73
22,Back,No,2,177,10,Male,6,0,4,8,0,2,10/25/2016,21,21,26,21,21,21,102.6,103.1,101.3,74
47,Back,No,1,395,10,Male,5,3,2,5,4,1,10/25/2016,21,21,26,21,21,21,102.6,103.1,101.3,75
40,Front,No,2,373,10,Female,6,4,0,6,4,0,10/25/2016,21,21,26,21,21,21,102.6,103.1,101.3,76
43,Back,No,2,59,10,Female,2,6,2,3,7,0,10/25/2016,21,21,26,21,21,21,102.6,103.1,101.3,77
52,Back,No,1,907,10,Female,1,4,5,2,7,1,10/25/2016,21,21,26,21,21,21,102.6,103.1,101.3,78
19,Front,No,2,235,10,Female,6,4,0,6,4,0,10/25/2016,21,21,26,21,21,21,102.6,103.1,101.3,79
10,Front,No,1,208,10,Male,4,5,1,4,6,0,10/25/2016,21,21,26,21,21,21,102.6,103.1,101.3,80
51,Back,No,2,373,10,Male,0,10,0,0,10,0,10/25/2016,21,21,26,21,21,21,102.6,103.1,101.3,81
28,Back,No,1,307,10,Female,2,1,7,9,1,0,10/25/2016,21,21,26,21,21,21,102.6,103.1,101.3,82
41,Front,No,2,395,10,Female,2,2,6,3,7,0,10/25/2016,21,21,26,21,21,21,102.6,103.1,101.3,83
48,Front,No,1,59,10,Male,7,2,1,9,1,0,10/25/2016,21,21,26,21,21,21,102.6,103.1,101.3,84
46,Back,No,2,757,10,Male,9,1,1,10,0,0,10/25/2016,21,21,26,21,21,21,102.6,103.1,101.3,85
11,Back,No,1,907,10,Male,7,1,2,8,1,1,10/25/2016,21,21,26,21,21,21,102.6,103.1,101.3,86
18,Front,No,2,177,10,Female,3,3,4,6,3,1,10/25/2016,21,21,26,21,21,21,102.6,103.1,101.3,87
30,Front,No,1,38,10,Male,1,2,7,2,6,2,10/25/2016,21,21,26,21,21,21,102.6,103.1,101.3,88
35,Back,No,1,765,10,Female,1,9,0,1,9,0,10/25/2016,21,21,26,21,21,21,102.6,103.1,101.3,89
29,Front,No,2,235,10,Male,6,4,0,6,4,0,10/25/2016,21,21,26,21,21,21,102.6,103.1,101.3,90
31,Front,No,1,208,10,Female,5,4,1,5,5,0,10/25/2016,21,21,26,21,21,21,102.6,103.1,101.3,91
14,Back,No,2,307,10,Male,1,4,5,9,1,0,10/25/2016,21,21,26,21,21,21,102.6,103.1,101.3,92
59,Front,No,1,59,10,Female,8,1,1,8,1,1,10/31/2016,29,30,53,21,21,21,102.4,101.4,102,93
41,Front,No,2,491,10,Male,5,5,0,5,5,0,10/31/2016,29,30,53,21,21,21,102.4,101.4,102,94
31,Front,No,3,765,10,Female,5,4,1,5,5,0,10/31/2016,29,30,53,21,21,21,102.4,101.4,102,95
29,Back,No,1,59,10,Male,6,2,2,6,2,2,10/31/2016,29,30,53,21,21,21,102.4,101.4,102,96
9,Back,No,2,491,10,Female,4,4,2,4,5,1,10/31/2016,29,30,53,21,21,21,102.4,101.4,102,97
19,Back,No,3,765,10,Male,10,0,0,8,0,2,10/31/2016,29,30,53,21,21,21,102.4,101.4,102,98
10,Front,No,1,229,4,Male,0,1,3,0,1,3,10/31/2016,29,30,53,21,21,21,102.4,101.4,102,99
12,Front,No,2,28,8,Male,6,2,0,6,2,0,10/31/2016,29,30,53,21,21,21,102.4,101.4,102,100
14,Front,No,3,28,10,Female,2,4,4,3,4,3,10/31/2016,29,30,53,21,21,21,102.4,101.4,102,101
4,Back,No,1,229,10,Female,4,1,5,5,2,3,10/31/2016,29,30,53,21,21,21,102.4,101.4,102,102
50,Back,No,2,235,10,Female,4,4,2,4,5,1,10/31/2016,29,30,53,21,21,21,102.4,101.4,102,103
16,Back,No,3,307,10,Female,3,5,2,3,7,0,10/31/2016,29,30,53,21,21,21,102.4,101.4,102,104
36,Front,No,1,907,10,Female,4,3,3,4,6,0,10/31/2016,29,30,53,21,21,21,102.4,101.4,102,105
60,Front,No,2,395,10,Female,4,0,6,6,0,4,10/31/2016,29,30,53,21,21,21,102.4,101.4,102,106
3,Front,No,3,235,10,Male,7,2,1,7,2,1,10/31/2016,29,30,53,21,21,21,102.4,101.4,102,107
24,Back,No,1,491,10,Male,2,6,2,2,6,2,10/31/2016,29,30,53,21,21,21,102.4,101.4,102,108
2,Back,No,2,765,10,Male,9,1,0,9,1,0,10/31/2016,29,30,53,21,21,21,102.4,101.4,102,109
40,Back,No,3,177,10,Male,6,4,0,6,3,1,10/31/2016,29,30,53,21,21,21,102.4,101.4,102,110
28,Front,No,1,757,10,Female,4,1,5,6,1,3,10/31/2016,29,30,53,21,21,21,102.4,101.4,102,111
51,Front,No,2,427,10,Female,3,4,3,4,4,2,10/31/2016,29,30,53,21,21,21,102.4,101.4,102,112
35,Front,No,3,177,10,Female,2,7,1,2,6,2,10/31/2016,29,30,53,21,21,21,102.4,101.4,102,113
53,Back,No,1,38,10,Male,9,1,0,8,2,0,10/31/2016,29,30,53,21,21,21,102.4,101.4,102,114
13,Back,No,2,491,10,Female,6,2,1,6,2,1,10/31/2016,29,30,53,21,21,21,102.4,101.4,102,115
25,Back,No,3,373,10,Male,3,5,2,3,6,1,10/31/2016,29,30,53,21,21,21,102.4,101.4,102,116
46,Front,No,1,757,10,Male,4,3,3,5,3,2,10/31/2016,29,30,53,21,21,21,102.4,101.4,102,117
1,Front,No,2,765,10,Female,6,4,0,6,4,0,10/31/2016,29,30,53,21,21,21,102.4,101.4,102,118
33,Front,No,3,427,10,Male,6,3,1,6,3,1,10/31/2016,29,30,53,21,21,21,102.4,101.4,102,119
23,Back,No,1,59,10,Female,0,10,0,0,10,0,10/31/2016,29,30,53,21,21,21,102.4,101.4,102,120
52,Back,No,2,208,10,Male,6,4,0,6,4,0,10/31/2016,29,30,53,21,21,21,102.4,101.4,102,121
18,Back,No,3,395,10,Male,3,4,3,3,4,3,10/31/2016,29,30,53,21,21,21,102.4,101.4,102,122
37,Front,No,1,373,10,Female,3,6,1,3,4,3,10/31/2016,29,30,53,21,21,21,102.4,101.4,102,123
30,Front,No,2,208,10,Female,9,0,1,10,0,0,10/31/2016,29,30,53,21,21,21,102.4,101.4,102,124
45,Front,No,3,38,10,Female,6,1,3,4,4,2,10/31/2016,29,30,53,21,21,21,102.4,101.4,102,125
5,Back,No,1,907,10,Male,4,5,1,4,3,3,10/31/2016,29,30,53,21,21,21,102.4,101.4,102,126
17,Back,No,2,59,10,Male,9,0,1,9,0,1,10/31/2016,29,30,53,21,21,21,102.4,101.4,102,127
44,Back,No,3,307,10,Male,4,1,5,5,0,5,10/31/2016,29,30,53,21,21,21,102.4,101.4,102,128
39,Front,No,1,757,10,Male,8,2,0,8,2,0,10/31/2016,29,30,53,21,21,21,102.4,101.4,102,129
20,Front,No,2,307,10,Female,4,2,4,5,3,2,10/31/2016,29,30,53,21,21,21,102.4,101.4,102,130
21,Front,No,3,177,10,Male,1,8,1,1,6,3,10/31/2016,29,30,53,21,21,21,102.4,101.4,102,131
47,Back,No,1,38,10,Female,4,4,2,9,1,0,10/31/2016,29,30,53,21,21,21,102.4,101.4,102,132
27,Back,No,2,757,10,Female,2,7,1,2,5,3,10/31/2016,29,30,53,21,21,21,102.4,101.4,102,133
56,Back,No,3,229,10,Female,6,1,3,7,1,2,10/31/2016,29,30,53,21,21,21,102.4,101.4,102,134
32,Front,No,1,373,10,Male,1,7,2,1,8,1,10/31/2016,29,30,53,21,21,21,102.4,101.4,102,135
38,Front,No,2,28,10,Male,9,0,1,10,0,0,10/31/2016,29,30,53,21,21,21,102.4,101.4,102,136
11,Front,No,3,907,10,Male,2,5,3,3,4,3,10/31/2016,29,30,53,21,21,21,102.4,101.4,102,137
22,Back,No,1,395,10,Female,2,8,0,2,8,0,10/31/2016,29,30,53,21,21,21,102.4,101.4,102,138
55,Back,No,2,208,10,Female,2,7,1,6,4,0,10/31/2016,29,30,53,21,21,21,102.4,101.4,102,139
48,Back,No,3,235,10,Male,1,7,2,1,7,2,10/31/2016,29,30,53,21,21,21,102.4,101.4,102,140
54,Front,No,1,229,10,Male,2,3,5,2,3,5,10/31/2016,29,30,53,21,21,21,102.4,101.4,102,141
15,Front,No,2,907,10,Female,2,4,4,3,7,0,10/31/2016,29,30,53,21,21,21,102.4,101.4,102,142
8,Front,No,3,395,10,Male,5,5,0,5,5,0,10/31/2016,29,30,53,21,21,21,102.4,101.4,102,143
58,Back,No,1,491,10,Female,9,1,0,9,1,0,10/31/2016,29,30,53,21,21,21,102.4,101.4,102,144
6,Back,No,2,427,10,Female,3,6,1,3,6,1,10/31/2016,29,30,53,21,21,21,102.4,101.4,102,145
49,Back,No,3,765,10,Male,3,7,0,3,7,0,10/31/2016,29,30,53,21,21,21,102.4,101.4,102,146
57,Front,No,1,59,10,Female,6,4,0,6,4,0,10/31/2016,29,30,53,21,21,21,102.4,101.4,102,147
7,Front,No,2,208,10,Male,10,0,0,10,0,0,10/31/2016,29,30,53,21,21,21,102.4,101.4,102,148
42,Front,No,3,235,10,Female,4,3,3,7,3,0,10/31/2016,29,30,53,21,21,21,102.4,101.4,102,149
34,Back,No,1,491,10,Male,4,4,2,4,4,2,10/31/2016,29,30,53,21,21,21,102.4,101.4,102,150
26,Back,No,2,59,10,Male,6,4,0,6,4,0,10/31/2016,29,30,53,21,21,21,102.4,101.4,102,151
43,Back,No,3,177,10,Female,1,7,2,1,7,2,10/31/2016,29,30,53,21,21,21,102.4,101.4,102,152
68,Front,No,1,307,10,Male,9,1,0,9,1,0,10/31/2016,29,30,53,21,21,21,102.4,101.4,102,153
69,Front,No,2,765,10,Female,7,3,0,7,3,0,10/31/2016,29,30,53,21,21,21,102.4,101.4,102,154
67,Front,No,3,427,10,Male,4,5,1,6,3,1,10/31/2016,29,30,53,21,21,21,102.4,101.4,102,155
64,Back,No,1,28,10,Male,8,2,0,5,3,2,10/31/2016,29,30,53,21,21,21,102.4,101.4,102,156
66,Back,No,2,373,10,Female,4,6,0,3,6,1,10/31/2016,29,30,53,21,21,21,102.4,101.4,102,157
70,Back,No,3,28,10,Female,6,3,1,4,6,0,10/31/2016,29,30,53,21,21,21,102.4,101.4,102,158
46,Front,No,1,228,10,Male,2,8,0,3,6,1,11/7/2016,31,36,25,22,22,21,102.8,101.6,101.8,159
18,Front,No,2,228,10,Female,6,3,1,7,3,0,11/7/2016,31,36,25,22,22,21,102.8,101.6,101.8,160
78,Front,No,3,45,10,Male,2,8,0,2,7,1,11/7/2016,31,36,25,22,22,21,102.8,101.6,101.8,161
76,Front,No,4,45,10,Female,7,3,0,7,3,0,11/7/2016,31,36,25,22,22,21,102.8,101.6,101.8,162
20,Back,No,1,42,10,Male,7,1,2,8,2,0,11/7/2016,31,36,25,22,22,21,102.8,101.6,101.8,163
1,Back,No,2,42,10,Female,2,6,2,3,7,0,11/7/2016,31,36,25,22,22,21,102.8,101.6,101.8,164
97,Back,No,3,26,10,Male,1,8,1,1,8,1,11/7/2016,31,36,25,22,22,21,102.8,101.6,101.8,165
85,Back,No,4,395,10,Male,4,5,1,4,6,0,11/7/2016,31,36,25,22,22,21,102.8,101.6,101.8,166
37,Front,No,1,373,10,Male,0,10,0,0,10,0,11/7/2016,31,36,25,22,22,21,102.8,101.6,101.8,167
57,Front,No,2,41,9,Male,5,2,2,6,1,2,11/7/2016,31,36,25,22,22,21,102.8,101.6,101.8,168
80,Front,No,3,502,10,Male,2,5,3,3,5,2,11/7/2016,31,36,25,22,22,21,102.8,101.6,101.8,169
82,Front,No,4,703,10,Female,7,2,1,8,2,0,11/7/2016,31,36,25,22,22,21,102.8,101.6,101.8,170
17,Back,No,1,45,10,Female,7,3,0,7,3,0,11/7/2016,31,36,25,22,22,21,102.8,101.6,101.8,171
7,Back,No,2,371,7,Male,7,0,0,6,0,1,11/7/2016,31,36,25,22,22,21,102.8,101.6,101.8,172
93,Back,No,3,391,10,Male,2,8,0,2,7,1,11/7/2016,31,36,25,22,22,21,102.8,101.6,101.8,173
91,Back,No,4,301,10,Female,7,3,0,7,3,0,11/7/2016,31,36,25,22,22,21,102.8,101.6,101.8,174
25,Front,No,1,332,3,Male,2,1,0,1,1,1,11/7/2016,31,36,25,22,22,21,102.8,101.6,101.8,175
43,Front,No,2,91,5,Female,3,1,1,3,2,0,11/7/2016,31,36,25,22,22,21,102.8,101.6,101.8,176
89,Front,No,3,443,10,Male,7,3,0,6,4,0,11/7/2016,31,36,25,22,22,21,102.8,101.6,101.8,177
99,Front,No,4,59,10,Male,7,3,0,7,3,0,11/7/2016,31,36,25,22,22,21,102.8,101.6,101.8,178
64,Back,No,1,427,10,Female,7,2,1,8,2,0,11/7/2016,31,36,25,22,22,21,102.8,101.6,101.8,179
10,Back,No,2,177,10,Female,6,4,0,6,4,0,11/7/2016,31,36,25,22,22,21,102.8,101.6,101.8,180
117,Back,No,3,774,4,Female,3,1,0,3,1,0,11/7/2016,31,36,25,22,22,21,102.8,101.6,101.8,181
100,Back,No,4,379,10,Male,9,1,0,9,1,0,11/7/2016,31,36,25,22,22,21,102.8,101.6,101.8,182
60,Front,No,1,195,10,Female,7,3,0,7,3,0,11/7/2016,31,36,25,22,22,21,102.8,101.6,101.8,183
34,Front,No,2,228,10,Female,4,6,0,5,4,1,11/7/2016,31,36,25,22,22,21,102.8,101.6,101.8,184
112,Front,No,3,367,10,Female,5,3,2,8,2,0,11/7/2016,31,36,25,22,22,21,102.8,101.6,101.8,185
113,Front,No,4,158,10,Male,5,5,0,6,3,1,11/7/2016,31,36,25,22,22,21,102.8,101.6,101.8,186
67,Back,No,1,491,10,Female,1,7,2,2,7,1,11/7/2016,31,36,25,22,22,21,102.8,101.6,101.8,187
8,Back,No,2,375,10,Female,5,5,0,5,5,0,11/7/2016,31,36,25,22,22,21,102.8,101.6,101.8,188
115,Back,No,3,217,10,Male,2,7,1,2,7,1,11/7/2016,31,36,25,22,22,21,102.8,101.6,101.8,189
108,Back,No,4,357,10,Male,8,2,0,8,2,0,11/7/2016,31,36,25,22,22,21,102.8,101.6,101.8,190
31,Front,No,1,385,6,Female,5,0,1,4,0,2,11/7/2016,31,36,25,22,22,21,102.8,101.6,101.8,191
114,Front,No,3,28,9,Female,2,7,0,2,6,1,11/7/2016,31,36,25,22,22,21,102.8,101.6,101.8,192
119,Front,No,4,437,10,Male,5,5,0,6,4,0,11/7/2016,31,36,25,22,22,21,102.8,101.6,101.8,193
6,Back,No,1,843,10,Female,8,0,2,10,0,0,11/7/2016,31,36,25,22,22,21,102.8,101.6,101.8,194
54,Back,No,2,85,10,Male,2,8,0,2,7,1,11/7/2016,31,36,25,22,22,21,102.8,101.6,101.8,195
116,Back,No,3,392,6,Female,2,2,1,2,2,1,11/7/2016,31,36,25,22,22,21,102.8,101.6,101.8,196
72,Back,No,4,88,10,Female,1,6,3,3,7,0,11/7/2016,31,36,25,22,22,21,102.8,101.6,101.8,197
63,Front,No,1,900,10,Female,1,7,2,2,7,1,11/7/2016,31,36,25,22,22,21,102.8,101.6,101.8,198
55,Front,No,2,42,10,Male,3,7,0,4,5,1,11/7/2016,31,36,25,22,22,21,102.8,101.6,101.8,199
103,Front,No,3,894,6,Male,4,1,1,5,1,0,11/7/2016,31,36,25,22,22,21,102.8,101.6,101.8,200
106,Front,No,4,129,10,Female,3,6,1,4,5,1,11/7/2016,31,36,25,22,22,21,102.8,101.6,101.8,201
33,Back,No,1,354,10,Male,2,8,0,2,8,0,11/7/2016,31,36,25,22,22,21,102.8,101.6,101.8,202
58,Back,No,2,235,8,Male,8,0,0,7,1,0,11/7/2016,31,36,25,22,22,21,102.8,101.6,101.8,203
87,Back,No,3,799,8,Male,7,1,0,7,1,0,11/7/2016,31,36,25,22,22,21,102.8,101.6,101.8,204
102,Back,No,4,911,10,Male,9,1,0,7,0,3,11/7/2016,31,36,25,22,22,21,102.8,101.6,101.8,205
29,Front,No,1,509,1,Female,1,0,0,1,0,0,11/7/2016,31,36,25,22,22,21,102.8,101.6,101.8,206
2,Front,No,2,208,10,Male,7,3,0,7,3,0,11/7/2016,31,36,25,22,22,21,102.8,101.6,101.8,207
110,Front,No,3,307,6,Male,6,0,0,5,0,1,11/7/2016,31,36,25,22,22,21,102.8,101.6,101.8,208
101,Front,No,4,808,7,Female,6,0,1,7,0,0,11/7/2016,31,36,25,22,22,21,102.8,101.6,101.8,209
13,Back,No,1,492,10,Female,5,5,0,4,5,1,11/7/2016,31,36,25,22,22,21,102.8,101.6,101.8,210
56,Back,No,2,57,10,Male,0,8,2,0,5,5,11/7/2016,31,36,25,22,22,21,102.8,101.6,101.8,211
96,Back,No,3,229,5,Male,3,2,0,2,2,1,11/7/2016,31,36,25,22,22,21,102.8,101.6,101.8,212
118,Back,No,4,757,10,Female,8,1,1,8,2,0,11/7/2016,31,36,25,22,22,21,102.8,101.6,101.8,213
5,Front,No,1,439,7,Male,2,5,0,2,5,0,11/7/2016,31,36,25,22,22,21,102.8,101.6,101.8,214
23,Front,No,2,38,10,Female,7,2,1,7,2,1,11/7/2016,31,36,25,22,22,21,102.8,101.6,101.8,215
98,Front,No,3,907,6,Male,6,0,0,6,0,0,11/7/2016,31,36,25,22,22,21,102.8,101.6,101.8,216
104,Front,No,4,765,10,Male,5,3,2,6,4,0,11/7/2016,31,36,25,22,22,21,102.8,101.6,101.8,217
70,Back,No,1,399,10,Female,3,7,0,2,8,0,11/7/2016,31,36,25,22,22,21,102.8,101.6,101.8,218
11,Back,No,2,894,4,Female,1,3,0,2,2,0,11/7/2016,31,36,25,22,22,21,102.8,101.6,101.8,219
95,Back,No,3,509,6,Male,1,5,0,1,5,0,11/7/2016,31,36,25,22,22,21,102.8,101.6,101.8,220
105,Back,No,4,41,7,Female,6,1,0,6,1,0,11/7/2016,31,36,25,22,22,21,102.8,101.6,101.8,221
49,Front,No,1,392,10,Male,6,4,0,3,3,4,11/7/2016,31,36,25,22,22,21,102.8,101.6,101.8,222
24,Front,No,2,332,9,Female,8,1,0,8,1,0,11/7/2016,31,36,25,22,22,21,102.8,101.6,101.8,223
77,Front,No,3,808,4,Male,2,1,1,2,2,0,11/7/2016,31,36,25,22,22,21,102.8,101.6,101.8,224
86,Front,No,4,239,10,Male,2,7,1,2,7,1,11/7/2016,31,36,25,22,22,21,102.8,101.6,101.8,225
32,Back,No,1,900,10,Male,5,4,1,5,4,1,11/7/2016,31,36,25,22,22,21,102.8,101.6,101.8,226
66,Back,No,2,911,10,Female,3,4,3,1,9,0,11/7/2016,31,36,25,22,22,21,102.8,101.6,101.8,227
79,Back,No,3,375,10,Male,9,1,0,9,1,0,11/7/2016,31,36,25,22,22,21,102.8,101.6,101.8,228
107,Back,No,4,239,10,Female,6,2,2,4,3,3,11/7/2016,31,36,25,22,22,21,102.8,101.6,101.8,229
59,Front,No,1,354,10,Female,4,6,0,4,6,0,11/7/2016,31,36,25,22,22,21,102.8,101.6,101.8,230
65,Front,No,2,158,10,Female,8,2,0,4,2,4,11/7/2016,31,36,25,22,22,21,102.8,101.6,101.8,231
81,Front,No,3,385,6,Male,1,2,3,1,3,2,11/7/2016,31,36,25,22,22,21,102.8,101.6,101.8,232
109,Front,No,4,57,10,Female,6,1,3,7,2,1,11/7/2016,31,36,25,22,22,21,102.8,101.6,101.8,233
9,Back,No,1,91,7,Male,6,1,0,6,1,0,11/7/2016,31,36,25,22,22,21,102.8,101.6,101.8,234
14,Back,No,2,427,10,Male,1,9,0,1,7,2,11/7/2016,31,36,25,22,22,21,102.8,101.6,101.8,235
88,Back,No,3,379,6,Female,5,1,0,5,1,0,11/7/2016,31,36,25,22,22,21,102.8,101.6,101.8,236
111,Back,No,4,235,7,Female,3,3,1,3,4,0,11/7/2016,31,36,25,22,22,21,102.8,101.6,101.8,237
28,Front,No,1,229,2,Female,1,1,0,1,1,0,11/7/2016,31,36,25,22,22,21,102.8,101.6,101.8,238
62,Front,No,2,45,10,Male,5,5,0,5,5,0,11/7/2016,31,36,25,22,22,21,102.8,101.6,101.8,239
22,Front,No,3,492,10,Male,8,2,0,8,2,0,11/7/2016,31,36,25,22,22,21,102.8,101.6,101.8,240
120,Front,No,4,443,10,Female,7,3,0,9,1,0,11/7/2016,31,36,25,22,22,21,102.8,101.6,101.8,241
40,Back,No,1,774,4,Male,2,2,0,2,1,1,11/7/2016,31,36,25,22,22,21,102.8,101.6,101.8,242
61,Back,No,2,491,10,Male,6,4,0,6,4,0,11/7/2016,31,36,25,22,22,21,102.8,101.6,101.8,243
12,Back,No,3,307,10,Female,7,3,0,7,3,0,11/7/2016,31,36,25,22,22,21,102.8,101.6,101.8,244
83,Back,No,4,217,10,Female,10,0,0,9,1,0,11/7/2016,31,36,25,22,22,21,102.8,101.6,101.8,245
30,Front,No,1,301,10,Male,7,3,0,7,3,0,11/7/2016,31,36,25,22,22,21,102.8,101.6,101.8,246
47,Front,No,2,129,10,Male,7,3,0,7,3,0,11/7/2016,31,36,25,22,22,21,102.8,101.6,101.8,247
42,Front,No,3,367,10,Male,0,6,4,2,8,0,11/7/2016,31,36,25,22,22,21,102.8,101.6,101.8,248
74,Front,No,4,596,8,Female,5,3,0,5,3,0,11/7/2016,31,36,25,22,22,21,102.8,101.6,101.8,249
51,Back,No,1,765,10,Female,2,8,0,1,9,0,11/7/2016,31,36,25,22,22,21,102.8,101.6,101.8,250
48,Back,No,2,843,10,Male,7,3,0,8,2,0,11/7/2016,31,36,25,22,22,21,102.8,101.6,101.8,251
19,Back,No,3,391,10,Female,1,9,0,4,4,2,11/7/2016,31,36,25,22,22,21,102.8,101.6,101.8,252
71,Back,No,4,371,10,Female,5,3,2,5,4,1,11/7/2016,31,36,25,22,22,21,102.8,101.6,101.8,253
27,Front,No,1,195,10,Male,0,10,0,0,9,1,11/7/2016,31,36,25,22,22,21,102.8,101.6,101.8,254
35,Front,No,2,399,10,Male,0,0,10,0,0,10,11/7/2016,31,36,25,22,22,21,102.8,101.6,101.8,255
45,Front,No,3,28,10,Male,8,2,0,8,2,0,11/7/2016,31,36,25,22,22,21,102.8,101.6,101.8,256
84,Front,No,4,703,8,Male,6,2,0,6,2,0,11/7/2016,31,36,25,22,22,21,102.8,101.6,101.8,257
16,Back,No,1,502,10,Female,4,6,0,3,5,2,11/7/2016,31,36,25,22,22,21,102.8,101.6,101.8,258
4,Back,No,2,228,10,Male,10,0,0,9,0,1,11/7/2016,31,36,25,22,22,21,102.8,101.6,101.8,259
69,Back,No,3,85,10,Female,10,0,0,9,0,1,11/7/2016,31,36,25,22,22,21,102.8,101.6,101.8,260
94,Back,No,4,907,5,Female,1,4,0,1,4,0,11/7/2016,31,36,25,22,22,21,102.8,101.6,101.8,261
50,Front,No,2,42,10,Female,10,0,0,10,0,0,11/7/2016,31,36,25,22,22,21,102.8,101.6,101.8,262
26,Front,No,3,437,10,Female,8,2,0,8,2,0,11/7/2016,31,36,25,22,22,21,102.8,101.6,101.8,263
73,Front,No,4,38,10,Male,3,7,0,3,7,0,11/7/2016,31,36,25,22,22,21,102.8,101.6,101.8,264
39,Back,No,1,373,10,Female,0,10,0,0,10,0,11/7/2016,31,36,25,22,22,21,102.8,101.6,101.8,265
52,Back,No,2,395,10,Female,5,5,0,5,5,0,11/7/2016,31,36,25,22,22,21,102.8,101.6,101.8,266
68,Back,No,3,88,10,Male,1,9,0,1,8,1,11/7/2016,31,36,25,22,22,21,102.8,101.6,101.8,267
75,Back,No,4,357,10,Female,6,3,1,8,2,0,11/7/2016,31,36,25,22,22,21,102.8,101.6,101.8,268
41,Front,No,1,26,10,Female,3,7,0,3,6,1,11/7/2016,31,36,25,22,22,21,102.8,101.6,101.8,269
3,Front,No,2,757,10,Male,3,6,1,3,7,0,11/7/2016,31,36,25,22,22,21,102.8,101.6,101.8,270
53,Front,No,3,59,10,Female,8,1,1,2,5,3,11/7/2016,31,36,25,22,22,21,102.8,101.6,101.8,271
92,Front,No,4,439,8,Female,6,2,0,4,4,0,11/7/2016,31,36,25,22,22,21,102.8,101.6,101.8,272
44,Back,No,1,177,10,Male,1,5,4,2,6,2,11/7/2016,31,36,25,22,22,21,102.8,101.6,101.8,273
21,Back,No,2,799,6,Female,3,3,0,3,3,0,11/7/2016,31,36,25,22,22,21,102.8,101.6,101.8,274
36,Back,No,3,367,4,Male,1,1,2,1,3,0,11/7/2016,31,36,25,22,22,21,102.8,101.6,101.8,275
90,Back,No,4,367,7,Female,2,4,1,2,5,0,11/7/2016,31,36,25,22,22,21,102.8,101.6,101.8,276
121,Back,No,1,88,2,Female,0,2,0,0,2,0,11/7/2016,31,36,25,22,22,21,102.8,101.6,101.8,277
122,Back,No,2,88,4,Male,2,1,1,3,1,0,11/7/2016,31,36,25,22,22,21,102.8,101.6,101.8,278
21,Front,Yes,1,59,10,Male,2,8,0,2,8,0,11/13/2016,21,25,31,21,22,22,101.7,101.2,101.1,279
51,Front,No,2,332,10,Male,8,2,0,7,3,0,11/13/2016,21,25,31,21,22,22,101.7,101.2,101.1,280
112,Front,No,3,894,10,Female,2,4,4,5,4,1,11/13/2016,21,25,31,21,22,22,101.7,101.2,101.1,281
64,Front,Yes,4,765,10,Female,1,9,0,1,9,0,11/13/2016,21,25,31,21,22,22,101.7,101.2,101.1,282
3,Back,No,1,158,10,Female,8,1,1,8,1,1,11/13/2016,21,25,31,21,22,22,101.7,101.2,101.1,283
113,Back,No,2,373,10,Male,0,10,0,0,10,0,11/13/2016,21,25,31,21,22,22,101.7,101.2,101.1,284
69,Back,No,3,229,10,Female,5,5,0,6,4,0,11/13/2016,21,25,31,21,22,22,101.7,101.2,101.1,285
42,Back,No,4,911,10,Female,6,4,0,4,4,3,11/13/2016,21,25,31,21,22,22,101.7,101.2,101.1,286
80,Front,No,1,907,10,Male,2,7,1,4,5,1,11/13/2016,21,25,31,21,22,22,101.7,101.2,101.1,287
98,Front,No,2,42,10,Female,5,5,0,5,5,0,11/13/2016,21,25,31,21,22,22,101.7,101.2,101.1,288
43,Front,No,3,399,10,Male,7,3,0,7,3,0,11/13/2016,21,25,31,21,22,22,101.7,101.2,101.1,289
94,Front,No,4,492,10,Male,7,3,0,5,5,0,11/13/2016,21,25,31,21,22,22,101.7,101.2,101.1,290
36,Back,No,1,28,10,Female,0,10,0,0,10,0,11/13/2016,21,25,31,21,22,22,101.7,101.2,101.1,291
4,Back,No,2,371,10,Male,1,7,2,1,6,3,11/13/2016,21,25,31,21,22,22,101.7,101.2,101.1,292
99,Back,No,3,217,10,Male,0,10,0,1,9,0,11/13/2016,21,25,31,21,22,22,101.7,101.2,101.1,293
100,Back,No,4,315,10,Female,6,4,0,6,3,1,11/13/2016,21,25,31,21,22,22,101.7,101.2,101.1,294
11,Front,No,1,703,10,Male,5,5,0,4,6,0,11/13/2016,21,25,31,21,22,22,101.7,101.2,101.1,295
54,Front,No,2,375,10,Female,8,2,0,7,3,0,11/13/2016,21,25,31,21,22,22,101.7,101.2,101.1,296
83,Front,No,3,85,10,Female,1,8,1,3,6,1,11/13/2016,21,25,31,21,22,22,101.7,101.2,101.1,297
26,Front,No,4,26,10,Male,8,2,0,8,2,0,11/13/2016,21,25,31,21,22,22,101.7,101.2,101.1,298
117,Back,Yes,1,491,10,Female,2,8,0,2,8,0,11/13/2016,21,25,31,21,22,22,101.7,101.2,101.1,299
6,Back,No,2,38,10,Male,1,9,0,1,9,0,11/13/2016,21,25,31,21,22,22,101.7,101.2,101.1,300
101,Back,Yes,3,354,10,Male,0,10,0,0,10,0,11/13/2016,21,25,31,21,22,22,101.7,101.2,101.1,301
96,Back,No,4,437,10,Female,8,2,0,8,2,0,11/13/2016,21,25,31,21,22,22,101.7,101.2,101.1,302
34,Front,No,1,808,10,Male,1,9,0,1,9,0,11/13/2016,21,25,31,21,22,22,101.7,101.2,101.1,303
79,Front,No,2,195,10,Female,10,0,0,7,2,1,11/13/2016,21,25,31,21,22,22,101.7,101.2,101.1,304
127,Front,No,3,443,10,Male,9,1,0,9,1,0,11/13/2016,21,25,31,21,22,22,101.7,101.2,101.1,305
57,Front,No,4,57,10,Female,6,4,0,6,4,0,11/13/2016,21,25,31,21,22,22,101.7,101.2,101.1,306
9,Back,Yes,1,385,10,Female,0,3,7,0,2,8,11/13/2016,21,25,31,21,22,22,101.7,101.2,101.1,307
121,Back,Yes,2,129,10,Male,0,10,0,0,10,0,11/13/2016,21,25,31,21,22,22,101.7,101.2,101.1,308
25,Back,No,3,88,10,Female,2,3,5,1,3,6,11/13/2016,21,25,31,21,22,22,101.7,101.2,101.1,309
2,Back,No,4,502,10,Female,2,7,1,2,7,1,11/13/2016,21,25,31,21,22,22,101.7,101.2,101.1,310
49,Front,No,1,235,10,Female,8,0,2,10,0,0,11/13/2016,21,25,31,21,22,22,101.7,101.2,101.1,311
108,Front,No,2,439,10,Male,9,1,0,9,1,0,11/13/2016,21,25,31,21,22,22,101.7,101.2,101.1,312
70,Front,Yes,3,91,10,Male,10,0,0,10,0,0,11/13/2016,21,25,31,21,22,22,101.7,101.2,101.1,313
62,Front,No,4,900,10,Male,9,0,1,9,0,1,11/13/2016,21,25,31,21,22,22,101.7,101.2,101.1,314
61,Back,No,1,228,10,Female,6,4,0,6,4,0,11/13/2016,21,25,31,21,22,22,101.7,101.2,101.1,315
29,Back,No,2,757,10,Female,3,6,1,3,7,0,11/13/2016,21,25,31,21,22,22,101.7,101.2,101.1,316
46,Back,No,3,45,10,Male,3,4,3,3,4,3,11/13/2016,21,25,31,21,22,22,101.7,101.2,101.1,317
103,Back,No,4,843,10,Female,2,7,1,2,8,0,11/13/2016,21,25,31,21,22,22,101.7,101.2,101.1,318
111,Front,No,1,799,10,Female,5,5,0,5,5,0,11/13/2016,21,25,31,21,22,22,101.7,101.2,101.1,319
32,Front,No,2,517,10,Male,10,0,0,9,1,0,11/13/2016,21,25,31,21,22,22,101.7,101.2,101.1,320
102,Front,No,3,357,10,Male,7,3,0,7,3,0,11/13/2016,21,25,31,21,22,22,101.7,101.2,101.1,321
8,Front,No,4,395,10,Female,6,4,0,6,4,0,11/13/2016,21,25,31,21,22,22,101.7,101.2,101.1,322
105,Back,No,1,774,10,Female,9,1,0,8,1,1,11/13/2016,21,25,31,21,22,22,101.7,101.2,101.1,323
7,Back,No,2,41,10,Male,1,9,0,1,9,0,11/13/2016,21,25,31,21,22,22,101.7,101.2,101.1,324
67,Back,No,3,208,10,Male,8,2,0,8,1,1,11/13/2016,21,25,31,21,22,22,101.7,101.2,101.1,325
59,Back,No,4,177,10,Female,1,8,1,1,8,1,11/13/2016,21,25,31,21,22,22,101.7,101.2,101.1,326
24,Front,Yes,1,239,10,Male,3,7,0,4,5,1,11/13/2016,21,25,31,21,22,22,101.7,101.2,101.1,327
109,Front,No,2,301,10,Female,1,9,0,1,9,0,11/13/2016,21,25,31,21,22,22,101.7,101.2,101.1,328
97,Front,No,3,367,10,Female,8,2,0,6,2,2,11/13/2016,21,25,31,21,22,22,101.7,101.2,101.1,329
1,Front,No,4,427,10,Female,10,0,0,10,0,0,11/13/2016,21,25,31,21,22,22,101.7,101.2,101.1,330
107,Back,No,1,392,10,Female,4,5,1,5,5,0,11/13/2016,21,25,31,21,22,22,101.7,101.2,101.1,331
10,Back,No,2,379,10,Female,3,6,1,3,7,0,11/13/2016,21,25,31,21,22,22,101.7,101.2,101.1,332
15,Back,No,3,596,10,Female,7,3,0,6,4,0,11/13/2016,21,25,31,21,22,22,101.7,101.2,101.1,333
95,Back,No,4,391,10,Female,7,3,0,7,3,0,11/13/2016,21,25,31,21,22,22,101.7,101.2,101.1,334
37,Front,No,1,509,9,Female,5,4,0,6,3,0,11/13/2016,21,25,31,21,22,22,101.7,101.2,101.1,335
22,Front,No,2,765,10,Male,6,4,0,5,5,0,11/13/2016,21,25,31,21,22,22,101.7,101.2,101.1,336
78,Front,No,3,367,10,Male,9,1,0,9,1,0,11/13/2016,21,25,31,21,22,22,101.7,101.2,101.1,337
28,Front,No,4,42,10,Male,7,3,0,7,3,0,11/13/2016,21,25,31,21,22,22,101.7,101.2,101.1,338
104,Back,No,1,911,10,Male,1,5,4,2,4,4,11/13/2016,21,25,31,21,22,22,101.7,101.2,101.1,339
120,Back,No,2,91,10,Female,3,7,0,4,6,0,11/13/2016,21,25,31,21,22,22,101.7,101.2,101.1,340
90,Back,No,3,332,10,Female,4,6,0,4,6,0,11/13/2016,21,25,31,21,22,22,101.7,101.2,101.1,341
47,Back,No,4,427,10,Male,0,7,3,0,7,3,11/13/2016,21,25,31,21,22,22,101.7,101.2,101.1,342
40,Front,No,1,808,10,Female,2,5,3,3,4,3,11/13/2016,21,25,31,21,22,22,101.7,101.2,101.1,343
44,Front,No,2,88,10,Male,2,6,2,2,8,0,11/13/2016,21,25,31,21,22,22,101.7,101.2,101.1,344
19,Front,No,3,399,10,Female,6,4,0,5,5,0,11/13/2016,21,25,31,21,22,22,101.7,101.2,101.1,345
52,Back,No,1,158,10,Male,3,7,0,4,5,1,11/13/2016,21,25,31,21,22,22,101.7,101.2,101.1,346
87,Back,No,2,439,10,Female,1,8,1,1,9,0,11/13/2016,21,25,31,21,22,22,101.7,101.2,101.1,347
50,Back,No,3,315,10,Male,0,10,0,0,10,0,11/13/2016,21,25,31,21,22,22,101.7,101.2,101.1,348
125,Back,No,4,45,10,Female,6,4,0,5,5,0,11/13/2016,21,25,31,21,22,22,101.7,101.2,101.1,349
89,Front,No,1,799,10,Male,4,6,0,4,5,1,11/13/2016,21,25,31,21,22,22,101.7,101.2,101.1,350
30,Front,No,2,57,10,Male,9,1,0,9,1,0,11/13/2016,21,25,31,21,22,22,101.7,101.2,101.1,351
55,Front,No,3,239,10,Female,7,2,1,7,3,0,11/13/2016,21,25,31,21,22,22,101.7,101.2,101.1,352
33,Front,No,4,371,10,Female,9,1,0,9,1,0,11/13/2016,21,25,31,21,22,22,101.7,101.2,101.1,353
118,Back,No,1,757,10,Male,5,2,3,5,2,3,11/13/2016,21,25,31,21,22,22,101.7,101.2,101.1,354
38,Back,No,2,26,10,Female,2,7,1,2,8,0,11/13/2016,21,25,31,21,22,22,101.7,101.2,101.1,355
110,Back,No,3,373,10,Female,5,5,0,4,6,0,11/13/2016,21,25,31,21,22,22,101.7,101.2,101.1,356
114,Back,No,4,217,10,Female,7,2,1,8,2,0,11/13/2016,21,25,31,21,22,22,101.7,101.2,101.1,357
23,Front,No,1,900,10,Female,7,3,0,8,2,0,11/13/2016,21,25,31,21,22,22,101.7,101.2,101.1,358
41,Front,No,2,354,10,Female,3,6,1,3,7,0,11/13/2016,21,25,31,21,22,22,101.7,101.2,101.1,359
60,Front,No,3,28,10,Male,2,2,6,2,2,6,11/13/2016,21,25,31,21,22,22,101.7,101.2,101.1,360
122,Front,No,4,208,10,Female,2,6,2,2,8,0,11/13/2016,21,25,31,21,22,22,101.7,101.2,101.1,361
72,Back,No,1,894,10,Male,3,5,2,3,5,2,11/13/2016,21,25,31,21,22,22,101.7,101.2,101.1,362
119,Back,No,2,38,10,Female,8,2,0,7,3,0,11/13/2016,21,25,31,21,22,22,101.7,101.2,101.1,363
17,Back,No,3,391,10,Female,1,8,1,2,7,1,11/13/2016,21,25,31,21,22,22,101.7,101.2,101.1,364
31,Back,No,4,437,10,Male,0,4,6,0,4,6,11/13/2016,21,25,31,21,22,22,101.7,101.2,101.1,365
88,Front,Yes,1,129,10,Female,1,8,1,1,9,0,11/13/2016,21,25,31,21,22,22,101.7,101.2,101.1,366
124,Front,No,2,395,10,Male,7,1,2,7,1,2,11/13/2016,21,25,31,21,22,22,101.7,101.2,101.1,367
20,Front,No,3,357,10,Female,8,2,0,7,3,0,11/13/2016,21,25,31,21,22,22,101.7,101.2,101.1,368
116,Front,No,4,843,10,Male,1,8,1,1,9,0,11/13/2016,21,25,31,21,22,22,101.7,101.2,101.1,369
115,Back,No,1,907,10,Female,5,4,1,5,4,1,11/13/2016,21,25,31,21,22,22,101.7,101.2,101.1,370
77,Back,No,2,774,10,Male,5,5,0,5,5,0,11/13/2016,21,25,31,21,22,22,101.7,101.2,101.1,371
66,Back,No,3,41,10,Female,4,4,2,5,5,0,11/13/2016,21,25,31,21,22,22,101.7,101.2,101.1,372
53,Back,No,4,379,10,Male,6,3,1,6,3,1,11/13/2016,21,25,31,21,22,22,101.7,101.2,101.1,373
65,Front,No,1,375,10,Male,0,10,0,0,9,1,11/13/2016,21,25,31,21,22,22,101.7,101.2,101.1,374
86,Front,No,2,385,10,Male,10,0,0,10,0,0,11/13/2016,21,25,31,21,22,22,101.7,101.2,101.1,375
27,Front,No,3,517,10,Female,6,3,1,6,4,0,11/13/2016,21,25,31,21,22,22,101.7,101.2,101.1,376
56,Front,No,4,392,10,Male,3,3,4,3,3,4,11/13/2016,21,25,31,21,22,22,101.7,101.2,101.1,377
81,Back,No,1,59,10,Female,2,8,0,4,6,0,11/13/2016,21,25,31,21,22,22,101.7,101.2,101.1,378
39,Back,No,2,85,10,Male,2,8,0,2,8,0,11/13/2016,21,25,31,21,22,22,101.7,101.2,101.1,379
18,Back,No,3,703,10,Female,8,2,0,8,2,0,11/13/2016,21,25,31,21,22,22,101.7,101.2,101.1,380
5,Back,No,4,177,10,Male,10,0,0,10,0,0,11/13/2016,21,25,31,21,22,22,101.7,101.2,101.1,381
75,Front,No,1,228,10,Male,7,3,0,8,2,0,11/13/2016,21,25,31,21,22,22,101.7,101.2,101.1,382
126,Front,No,2,301,10,Male,0,10,0,0,10,0,11/13/2016,21,25,31,21,22,22,101.7,101.2,101.1,383
45,Front,No,3,443,10,Female,0,10,0,0,10,0,11/13/2016,21,25,31,21,22,22,101.7,101.2,101.1,384
74,Front,No,4,596,10,Male,2,6,1,3,6,1,11/13/2016,21,25,31,21,22,22,101.7,101.2,101.1,385
63,Back,No,1,235,10,Male,5,5,0,5,5,0,11/13/2016,21,25,31,21,22,22,101.7,101.2,101.1,386
12,Back,No,2,492,10,Female,4,6,0,5,4,1,11/13/2016,21,25,31,21,22,22,101.7,101.2,101.1,387
76,Back,No,3,491,10,Male,3,7,0,3,6,1,11/13/2016,21,25,31,21,22,22,101.7,101.2,101.1,388
48,Back,No,4,509,7,Male,1,6,0,1,6,0,11/13/2016,21,25,31,21,22,22,101.7,101.2,101.1,389
68,Front,No,1,502,10,Male,9,1,0,9,1,0,11/13/2016,21,25,31,21,22,22,101.7,101.2,101.1,390
73,Front,No,2,437,10,Female,1,6,3,1,6,3,11/13/2016,21,25,31,21,22,22,101.7,101.2,101.1,391
93,Front,No,3,239,10,Male,8,2,0,6,3,1,11/13/2016,21,25,31,21,22,22,101.7,101.2,101.1,392
35,Front,No,4,799,10,Female,5,5,0,5,4,1,11/13/2016,21,25,31,21,22,22,101.7,101.2,101.1,393
16,Back,No,1,239,10,Female,3,6,1,5,4,1,11/13/2016,21,25,31,21,22,22,101.7,101.2,101.1,394
58,Back,No,2,799,10,Male,7,2,1,8,2,0,11/13/2016,21,25,31,21,22,22,101.7,101.2,101.1,395
85,Back,No,3,45,10,Female,5,5,0,4,4,2,11/13/2016,21,25,31,21,22,22,101.7,101.2,101.1,396
13,Back,No,4,45,10,Male,1,9,0,2,8,0,11/13/2016,21,25,31,21,22,22,101.7,101.2,101.1,397
82,Front,No,1,703,10,Male,2,7,1,3,6,1,11/13/2016,21,25,31,21,22,22,101.7,101.2,101.1,398
106,Front,No,2,703,10,Female,5,1,4,8,2,0,11/13/2016,21,25,31,21,22,22,101.7,101.2,101.1,399
70,Front,No,1,315,10,Male,7,2,1,7,2,1,11/19/2016,28,21,16,21,21,22,100.7,100.9,101.3,400
92,Front,No,2,235,10,Female,10,0,0,10,0,0,11/19/2016,28,21,16,21,21,22,100.7,100.9,101.3,401
46,Front,No,3,491,10,Female,3,7,0,3,7,0,11/19/2016,28,21,16,21,21,22,100.7,100.9,101.3,402
126,Front,No,4,88,10,Male,3,7,0,5,5,0,11/19/2016,28,21,16,21,21,22,100.7,100.9,101.3,403
23,Back,No,1,42,10,Female,6,4,0,6,4,0,11/19/2016,28,21,16,21,21,22,100.7,100.9,101.3,404
44,Back,No,2,774,10,Female,2,8,0,2,8,0,11/19/2016,28,21,16,21,21,22,100.7,100.9,101.3,405
34,Back,No,3,911,10,Male,10,0,0,10,0,0,11/19/2016,28,21,16,21,21,22,100.7,100.9,101.3,406
127,Back,No,4,357,10,Female,0,10,0,0,10,0,11/19/2016,28,21,16,21,21,22,100.7,100.9,101.3,407
24,Front,No,1,26,10,Female,4,5,1,4,5,1,11/19/2016,28,21,16,21,21,22,100.7,100.9,101.3,408
52,Front,No,2,843,10,Male,10,0,0,10,0,0,11/19/2016,28,21,16,21,21,22,100.7,100.9,101.3,409
15,Front,No,3,57,10,Female,7,3,0,6,4,0,11/19/2016,28,21,16,21,21,22,100.7,100.9,101.3,410
2,Front,No,4,703,10,Female,5,5,0,6,4,0,11/19/2016,28,21,16,21,21,22,100.7,100.9,101.3,411
79,Back,No,1,757,10,Female,1,7,2,1,9,0,11/19/2016,28,21,16,21,21,22,100.7,100.9,101.3,412
72,Back,No,2,354,10,Male,7,3,0,7,3,0,11/19/2016,28,21,16,21,21,22,100.7,100.9,101.3,413
114,Back,No,3,228,10,Female,3,4,3,3,7,0,11/19/2016,28,21,16,21,21,22,100.7,100.9,101.3,414
83,Back,No,4,59,10,Female,5,4,1,4,5,1,11/19/2016,28,21,16,21,21,22,100.7,100.9,101.3,415
108,Front,No,1,28,10,Male,2,8,0,3,7,0,11/19/2016,28,21,16,21,21,22,100.7,100.9,101.3,416
31,Front,No,2,332,10,Female,8,1,1,8,1,1,11/19/2016,28,21,16,21,21,22,100.7,100.9,101.3,417
25,Front,No,3,373,10,Male,4,6,0,5,5,0,11/19/2016,28,21,16,21,21,22,100.7,100.9,101.3,418
13,Front,No,4,395,10,Male,7,3,0,7,3,0,11/19/2016,28,21,16,21,21,22,100.7,100.9,101.3,419
17,Back,No,1,91,10,Female,4,6,0,3,6,1,11/19/2016,28,21,16,21,21,22,100.7,100.9,101.3,420
63,Back,No,2,208,10,Male,7,3,0,7,3,0,11/19/2016,28,21,16,21,21,22,100.7,100.9,101.3,421
67,Back,No,3,367,10,Male,6,4,0,6,4,0,11/19/2016,28,21,16,21,21,22,100.7,100.9,101.3,422
107,Back,No,4,799,10,Male,4,2,4,4,2,4,11/19/2016,28,21,16,21,21,22,100.7,100.9,101.3,423
38,Front,No,1,158,10,Female,5,4,1,5,5,0,11/19/2016,28,21,16,21,21,22,100.7,100.9,101.3,424
76,Front,No,2,502,10,Female,4,5,1,4,5,1,11/19/2016,28,21,16,21,21,22,100.7,100.9,101.3,425
78,Front,No,3,894,10,Female,2,5,3,4,5,1,11/19/2016,28,21,16,21,21,22,100.7,100.9,101.3,426
14,Front,No,4,239,9,Male,5,4,0,7,2,0,11/19/2016,28,21,16,21,21,22,100.7,100.9,101.3,427
55,Back,No,1,808,10,Female,2,8,0,2,7,1,11/19/2016,28,21,16,21,21,22,100.7,100.9,101.3,428
110,Back,No,2,900,10,Female,0,9,1,3,7,0,11/19/2016,28,21,16,21,21,22,100.7,100.9,101.3,429
43,Back,No,3,301,10,Female,3,6,1,3,6,1,11/19/2016,28,21,16,21,21,22,100.7,100.9,101.3,430
7,Back,No,4,371,10,Female,9,0,1,9,0,1,11/19/2016,28,21,16,21,21,22,100.7,100.9,101.3,431
101,Front,No,1,41,10,Male,2,8,0,2,8,0,11/19/2016,28,21,16,21,21,22,100.7,100.9,101.3,432
121,Front,No,2,45,10,Male,5,4,1,4,4,2,11/19/2016,28,21,16,21,21,22,100.7,100.9,101.3,433
104,Front,No,3,129,10,Male,6,4,0,6,4,0,11/19/2016,28,21,16,21,21,22,100.7,100.9,101.3,434
113,Front,No,4,439,10,Female,2,8,0,2,7,1,11/19/2016,28,21,16,21,21,22,100.7,100.9,101.3,435
42,Back,No,1,38,10,Female,1,8,1,1,7,2,11/19/2016,28,21,16,21,21,22,100.7,100.9,101.3,436
69,Back,No,2,229,10,Male,0,10,0,1,9,0,11/19/2016,28,21,16,21,21,22,100.7,100.9,101.3,437
105,Back,No,3,177,10,Male,1,9,0,1,7,2,11/19/2016,28,21,16,21,21,22,100.7,100.9,101.3,438
8,Back,No,4,217,10,Female,2,8,0,2,8,0,11/19/2016,28,21,16,21,21,22,100.7,100.9,101.3,439
89,Front,No,1,375,10,Female,4,6,0,4,6,0,11/19/2016,28,21,16,21,21,22,100.7,100.9,101.3,440
112,Front,No,2,379,10,Male,1,9,0,1,9,0,11/19/2016,28,21,16,21,21,22,100.7,100.9,101.3,441
32,Front,No,3,437,10,Female,6,4,0,6,4,0,11/19/2016,28,21,16,21,21,22,100.7,100.9,101.3,442
111,Front,No,4,492,9,Male,9,0,0,8,0,1,11/19/2016,28,21,16,21,21,22,100.7,100.9,101.3,443
58,Back,No,1,399,10,Female,4,6,0,5,5,0,11/19/2016,28,21,16,21,21,22,100.7,100.9,101.3,444
115,Back,No,2,385,10,Female,5,5,0,5,4,1,11/19/2016,28,21,16,21,21,22,100.7,100.9,101.3,445
60,Back,No,3,443,10,Male,1,9,0,0,9,1,11/19/2016,28,21,16,21,21,22,100.7,100.9,101.3,446
33,Back,No,4,765,8,Male,0,6,2,0,6,2,11/19/2016,28,21,16,21,21,22,100.7,100.9,101.3,447
61,Front,No,1,391,10,Male,3,6,1,4,6,0,11/19/2016,28,21,16,21,21,22,100.7,100.9,101.3,448
81,Front,No,2,427,10,Male,1,8,1,1,9,0,11/19/2016,28,21,16,21,21,22,100.7,100.9,101.3,449
80,Front,No,3,392,10,Female,6,4,0,8,1,1,11/19/2016,28,21,16,21,21,22,100.7,100.9,101.3,450
49,Front,No,4,907,10,Male,4,6,0,4,6,0,11/19/2016,28,21,16,21,21,22,100.7,100.9,101.3,451
27,Back,No,1,85,9,Female,9,0,0,9,0,0,11/19/2016,28,21,16,21,21,22,100.7,100.9,101.3,452
65,Back,No,2,195,9,Male,0,9,0,0,9,0,11/19/2016,28,21,16,21,21,22,100.7,100.9,101.3,453
37,Back,No,3,26,10,Male,6,4,0,6,4,0,11/19/2016,28,21,16,21,21,22,100.7,100.9,101.3,454
88,Back,No,4,88,10,Female,3,5,2,3,7,0,11/19/2016,28,21,16,21,21,22,100.7,100.9,101.3,455
82,Front,No,1,235,10,Male,4,5,1,4,6,0,11/19/2016,28,21,16,21,21,22,100.7,100.9,101.3,456
26,Front,No,2,373,10,Female,3,5,2,4,5,1,11/19/2016,28,21,16,21,21,22,100.7,100.9,101.3,457
122,Front,No,3,28,10,Female,8,1,0,8,1,1,11/19/2016,28,21,16,21,21,22,100.7,100.9,101.3,458
22,Front,No,4,774,10,Male,6,1,3,6,1,3,11/19/2016,28,21,16,21,21,22,100.7,100.9,101.3,459
116,Back,No,1,91,10,Male,1,9,0,1,7,2,11/19/2016,28,21,16,21,21,22,100.7,100.9,101.3,460
21,Back,No,2,239,10,Female,4,5,1,3,5,2,11/19/2016,28,21,16,21,21,22,100.7,100.9,101.3,461
74,Back,No,3,375,10,Male,5,5,0,3,6,1,11/19/2016,28,21,16,21,21,22,100.7,100.9,101.3,462
39,Back,No,4,443,10,Female,4,6,0,4,5,1,11/19/2016,28,21,16,21,21,22,100.7,100.9,101.3,463
68,Front,No,1,799,10,Female,7,3,0,7,3,0,11/19/2016,28,21,16,21,21,22,100.7,100.9,101.3,464
6,Front,No,2,38,10,Male,0,9,1,0,9,1,11/19/2016,28,21,16,21,21,22,100.7,100.9,101.3,465
16,Front,No,3,129,10,Female,8,1,1,8,1,1,11/19/2016,28,21,16,21,21,22,100.7,100.9,101.3,466
30,Front,No,4,301,10,Male,7,3,0,7,3,0,11/19/2016,28,21,16,21,21,22,100.7,100.9,101.3,467
12,Back,No,1,379,10,Female,0,9,1,2,8,0,11/19/2016,28,21,16,21,21,22,100.7,100.9,101.3,468
91,Back,No,2,491,10,Male,1,9,0,0,9,1,11/19/2016,28,21,16,21,21,22,100.7,100.9,101.3,469
118,Back,No,3,229,10,Female,6,2,2,9,1,0,11/19/2016,28,21,16,21,21,22,100.7,100.9,101.3,470
9,Back,No,4,158,10,Male,7,3,0,7,2,1,11/19/2016,28,21,16,21,21,22,100.7,100.9,101.3,471
73,Front,No,1,42,10,Male,3,6,1,3,7,0,11/19/2016,28,21,16,21,21,22,100.7,100.9,101.3,472
48,Front,No,2,315,10,Female,3,6,1,3,7,0,11/19/2016,28,21,16,21,21,22,100.7,100.9,101.3,473
57,Front,No,3,57,10,Male,10,0,0,9,1,0,11/19/2016,28,21,16,21,21,22,100.7,100.9,101.3,474
84,Front,No,4,354,10,Female,3,7,0,4,5,1,11/19/2016,28,21,16,21,21,22,100.7,100.9,101.3,475
40,Back,No,1,385,10,Male,4,6,0,3,7,0,11/19/2016,28,21,16,21,21,22,100.7,100.9,101.3,476
71,Back,No,2,208,10,Female,8,2,0,7,2,1,11/19/2016,28,21,16,21,21,22,100.7,100.9,101.3,477
109,Back,No,3,177,10,Female,3,6,1,3,5,2,11/19/2016,28,21,16,21,21,22,100.7,100.9,101.3,478
18,Back,No,4,843,10,Female,2,8,0,2,7,1,11/19/2016,28,21,16,21,21,22,100.7,100.9,101.3,479
124,Front,No,1,357,10,Male,9,1,0,9,1,0,11/19/2016,28,21,16,21,21,22,100.7,100.9,101.3,480
85,Front,No,2,703,10,Male,1,9,0,1,9,0,11/19/2016,28,21,16,21,21,22,100.7,100.9,101.3,481
64,Front,No,3,367,10,Female,8,2,0,7,3,0,11/19/2016,28,21,16,21,21,22,100.7,100.9,101.3,482
90,Front,No,4,217,10,Male,1,9,0,4,6,0,11/19/2016,28,21,16,21,21,22,100.7,100.9,101.3,483
41,Back,No,1,41,10,Female,3,3,4,4,5,1,11/19/2016,28,21,16,21,21,22,100.7,100.9,101.3,484
20,Back,No,2,492,10,Female,2,6,2,3,6,1,11/19/2016,28,21,16,21,21,22,100.7,100.9,101.3,485
1,Back,No,3,45,10,Female,3,6,1,3,6,1,11/19/2016,28,21,16,21,21,22,100.7,100.9,101.3,486
93,Back,No,4,332,10,Male,3,7,0,3,6,1,11/19/2016,28,21,16,21,21,22,100.7,100.9,101.3,487
77,Front,No,1,195,8,Female,4,3,1,4,3,1,11/19/2016,28,21,16,21,21,22,100.7,100.9,101.3,488
56,Front,No,2,59,10,Male,3,7,0,4,6,0,11/19/2016,28,21,16,21,21,22,100.7,100.9,101.3,489
106,Front,No,3,228,10,Male,1,9,0,0,10,0,11/19/2016,28,21,16,21,21,22,100.7,100.9,101.3,490
86,Front,No,4,911,10,Female,6,2,2,7,3,0,11/19/2016,28,21,16,21,21,22,100.7,100.9,101.3,491
51,Back,No,1,399,10,Male,9,1,0,8,1,1,11/19/2016,28,21,16,21,21,22,100.7,100.9,101.3,492
117,Back,No,2,894,9,Male,3,0,6,3,0,6,11/19/2016,28,21,16,21,21,22,100.7,100.9,101.3,493
11,Back,No,3,395,10,Female,5,5,0,7,3,0,11/19/2016,28,21,16,21,21,22,100.7,100.9,101.3,494
96,Back,No,4,437,10,Male,7,3,0,7,3,0,11/19/2016,28,21,16,21,21,22,100.7,100.9,101.3,495
123,Front,No,1,371,10,Male,9,1,0,9,1,0,11/19/2016,28,21,16,21,21,22,100.7,100.9,101.3,496
98,Front,No,2,391,10,Female,9,1,0,7,2,1,11/19/2016,28,21,16,21,21,22,100.7,100.9,101.3,497
94,Front,No,3,502,10,Male,10,0,0,10,0,0,11/19/2016,28,21,16,21,21,22,100.7,100.9,101.3,498
53,Front,No,4,427,10,Female,8,1,1,8,2,0,11/19/2016,28,21,16,21,21,22,100.7,100.9,101.3,499
120,Back,No,1,392,10,Male,5,5,0,5,5,0,11/19/2016,28,21,16,21,21,22,100.7,100.9,101.3,500
19,Back,No,2,757,8,Male,5,3,0,5,3,0,11/19/2016,28,21,16,21,21,22,100.7,100.9,101.3,501
35,Back,No,3,900,8,Male,3,5,0,3,4,1,11/19/2016,28,21,16,21,21,22,100.7,100.9,101.3,502
29,Back,No,4,765,8,Female,8,0,0,8,0,0,11/19/2016,28,21,16,21,21,22,100.7,100.9,101.3,503
4,Front,No,1,808,8,Male,5,3,0,4,3,1,11/19/2016,28,21,16,21,21,22,100.7,100.9,101.3,504
95,Front,No,2,217,10,Female,8,1,1,8,1,1,11/19/2016,28,21,16,21,21,22,100.7,100.9,101.3,505
59,Front,No,3,217,10,Male,7,3,0,6,4,0,11/19/2016,28,21,16,21,21,22,100.7,100.9,101.3,506
99,Front,No,4,57,10,Female,6,3,1,5,5,0,11/19/2016,28,21,16,21,21,22,100.7,100.9,101.3,507
75,Back,No,1,367,10,Female,0,10,0,0,9,1,11/19/2016,28,21,16,21,21,22,100.7,100.9,101.3,508
103,Back,No,2,367,10,Male,1,9,0,1,7,2,11/19/2016,28,21,16,21,21,22,100.7,100.9,101.3,509
45,Back,No,3,45,10,Female,6,4,0,6,4,0,11/19/2016,28,21,16,21,21,22,100.7,100.9,101.3,510
50,Back,No,4,129,10,Female,6,3,1,6,3,1,11/19/2016,28,21,16,21,21,22,100.7,100.9,101.3,511
47,Front,No,1,427,10,Male,4,5,1,7,3,0,11/19/2016,28,21,16,21,21,22,100.7,100.9,101.3,512
36,Front,No,2,427,10,Female,4,4,2,5,5,0,11/19/2016,28,21,16,21,21,22,100.7,100.9,101.3,513
54,Front,No,3,228,10,Male,5,5,0,5,5,0,11/19/2016,28,21,16,21,21,22,100.7,100.9,101.3,514
5,Front,No,4,228,10,Female,3,5,2,3,6,1,11/19/2016,28,21,16,21,21,22,100.7,100.9,101.3,515
102,Back,No,1,177,10,Female,4,6,0,4,5,1,11/19/2016,28,21,16,21,21,22,100.7,100.9,101.3,516
125,Back,No,2,177,10,Male,4,6,0,3,7,0,11/19/2016,28,21,16,21,21,22,100.7,100.9,101.3,517
100,Back,No,3,354,10,Female,7,3,0,7,3,0,11/19/2016,28,21,16,21,21,22,100.7,100.9,101.3,518
66,Back,No,4,301,10,Female,3,7,0,2,7,1,11/19/2016,28,21,16,21,21,22,100.7,100.9,101.3,519
3,Front,No,1,38,10,Female,6,4,0,6,3,1,11/19/2016,28,21,16,21,21,22,100.7,100.9,101.3,520
97,Front,No,2,38,10,Male,9,1,0,8,1,1,11/19/2016,28,21,16,21,21,22,100.7,100.9,101.3,521
91,Front,No,1,315,10,Male,1,8,1,1,9,0,12/5/2016,21,21,21,21,21,22,101.3,101.1,101.3,522
27,Front,No,2,443,10,Female,7,2,1,7,3,0,12/5/2016,21,21,21,21,21,22,101.3,101.1,101.3,523
44,Front,No,3,42,10,Female,8,2,0,6,3,1,12/5/2016,21,21,21,21,21,22,101.3,101.1,101.3,524
2,Front,No,4,85,10,Male,10,0,0,10,0,0,12/5/2016,21,21,21,21,21,22,101.3,101.1,101.3,525
112,Back,No,1,129,7,Female,0,7,0,0,6,1,12/5/2016,21,21,21,21,21,22,101.3,101.1,101.3,526
92,Back,No,2,399,10,Male,1,7,2,1,6,3,12/5/2016,21,21,21,21,21,22,101.3,101.1,101.3,527
116,Back,No,3,371,10,Female,0,10,0,0,9,1,12/5/2016,21,21,21,21,21,22,101.3,101.1,101.3,528
6,Back,No,4,88,10,Male,5,5,0,6,4,0,12/5/2016,21,21,21,21,21,22,101.3,101.1,101.3,529
61,Front,No,1,509,10,Female,6,3,1,6,3,1,12/5/2016,21,21,21,21,21,22,101.3,101.1,101.3,530
96,Front,No,2,894,10,Female,5,3,2,6,4,0,12/5/2016,21,21,21,21,21,22,101.3,101.1,101.3,531
35,Front,No,3,307,10,Female,7,3,0,8,2,0,12/5/2016,21,21,21,21,21,22,101.3,101.1,101.3,532
42,Front,No,4,385,10,Male,4,6,0,6,4,0,12/5/2016,21,21,21,21,21,22,101.3,101.1,101.3,533
13,Back,No,1,757,10,Female,1,9,0,1,9,0,12/5/2016,21,21,21,21,21,22,101.3,101.1,101.3,534
19,Back,No,2,357,10,Male,1,9,0,1,9,0,12/5/2016,21,21,21,21,21,22,101.3,101.1,101.3,535
30,Back,No,3,517,10,Male,8,2,0,8,2,0,12/5/2016,21,21,21,21,21,22,101.3,101.1,101.3,536
81,Back,No,4,373,10,Female,6,4,0,5,4,1,12/5/2016,21,21,21,21,21,22,101.3,101.1,101.3,537
59,Front,No,1,59,10,Female,1,9,0,0,9,1,12/5/2016,21,21,21,21,21,22,101.3,101.1,101.3,538
24,Front,No,2,439,9,Male,8,1,0,8,1,0,12/5/2016,21,21,21,21,21,22,101.3,101.1,101.3,539
124,Front,No,3,911,10,Female,9,1,0,8,1,1,12/5/2016,21,21,21,21,21,22,101.3,101.1,101.3,540
46,Front,No,4,195,10,Female,2,6,2,4,6,0,12/5/2016,21,21,21,21,21,22,101.3,101.1,101.3,541
20,Back,No,1,28,10,Female,9,1,0,7,1,2,12/5/2016,21,21,21,21,21,22,101.3,101.1,101.3,542
126,Back,No,2,502,10,Male,2,8,0,2,8,0,12/5/2016,21,21,21,21,21,22,101.3,101.1,101.3,543
51,Back,No,3,843,10,Male,7,3,0,7,3,0,12/5/2016,21,21,21,21,21,22,101.3,101.1,101.3,544
21,Back,No,4,774,10,Female,6,4,0,6,3,1,12/5/2016,21,21,21,21,21,22,101.3,101.1,101.3,545
15,Front,No,1,239,10,Male,9,1,0,9,1,0,12/5/2016,21,21,21,21,21,22,101.3,101.1,101.3,546
65,Front,No,2,301,10,Male,9,1,0,9,1,0,12/5/2016,21,21,21,21,21,22,101.3,101.1,101.3,547
89,Front,No,3,492,10,Female,6,4,0,7,3,0,12/5/2016,21,21,21,21,21,22,101.3,101.1,101.3,548
26,Front,No,4,45,10,Male,3,7,0,3,7,0,12/5/2016,21,21,21,21,21,22,101.3,101.1,101.3,549
39,Back,No,1,765,10,Male,7,3,0,6,4,0,12/5/2016,21,21,21,21,21,22,101.3,101.1,101.3,550
56,Back,No,2,491,10,Male,1,9,0,1,9,0,12/5/2016,21,21,21,21,21,22,101.3,101.1,101.3,551
50,Back,No,3,596,10,Female,4,6,0,3,6,1,12/5/2016,21,21,21,21,21,22,101.3,101.1,101.3,552
70,Back,No,4,703,10,Female,8,0,2,10,0,0,12/5/2016,21,21,21,21,21,22,101.3,101.1,101.3,553
113,Front,No,1,26,10,Male,9,1,0,9,1,0,12/5/2016,21,21,21,21,21,22,101.3,101.1,101.3,554
88,Front,No,2,375,10,Male,4,6,0,4,6,0,12/5/2016,21,21,21,21,21,22,101.3,101.1,101.3,555
77,Front,No,3,900,10,Male,6,3,1,6,3,1,12/5/2016,21,21,21,21,21,22,101.3,101.1,101.3,556
52,Front,No,4,57,8,Male,7,1,0,7,1,0,12/5/2016,21,21,21,21,21,22,101.3,101.1,101.3,557
76,Back,No,1,229,10,Female,7,2,1,7,1,2,12/5/2016,21,21,21,21,21,22,101.3,101.1,101.3,558
37,Back,No,2,508,10,Male,9,0,1,10,0,0,12/5/2016,21,21,21,21,21,22,101.3,101.1,101.3,559
97,Back,No,3,808,10,Male,6,4,0,7,2,1,12/5/2016,21,21,21,21,21,22,101.3,101.1,101.3,560
40,Back,No,4,41,8,Male,5,3,0,5,3,0,12/5/2016,21,21,21,21,21,22,101.3,101.1,101.3,561
48,Front,No,1,427,10,Female,6,3,1,7,0,0,12/5/2016,21,21,21,21,21,22,101.3,101.1,101.3,562
95,Front,No,2,38,10,Female,8,0,2,8,0,2,12/5/2016,21,21,21,21,21,22,101.3,101.1,101.3,563
62,Front,No,4,158,10,Male,9,1,0,9,1,0,12/5/2016,21,21,21,21,21,22,101.3,101.1,101.3,564
73,Back,No,1,177,10,Male,5,5,0,4,6,0,12/5/2016,21,21,21,21,21,22,101.3,101.1,101.3,565
103,Back,No,2,217,10,Male,1,9,0,1,9,0,12/5/2016,21,21,21,21,21,22,101.3,101.1,101.3,566
115,Back,No,3,228,10,Female,9,1,0,9,1,0,12/5/2016,21,21,21,21,21,22,101.3,101.1,101.3,567
28,Back,No,4,332,10,Female,2,7,1,2,7,1,12/5/2016,21,21,21,21,21,22,101.3,101.1,101.3,568
119,Front,No,1,354,10,Male,3,6,1,4,6,0,12/5/2016,21,21,21,21,21,22,101.3,101.1,101.3,569
121,Front,No,2,367,9,Female,8,1,0,6,2,1,12/5/2016,21,21,21,21,21,22,101.3,101.1,101.3,570
109,Front,No,3,395,10,Male,4,4,2,4,4,2,12/5/2016,21,21,21,21,21,22,101.3,101.1,101.3,571
111,Front,No,4,391,10,Female,7,2,1,6,3,1,12/5/2016,21,21,21,21,21,22,101.3,101.1,101.3,572
71,Back,No,1,379,10,Female,3,7,0,3,7,0,12/5/2016,21,21,21,21,21,22,101.3,101.1,101.3,573
78,Back,No,2,894,10,Male,7,2,1,8,2,0,12/5/2016,21,21,21,21,21,22,101.3,101.1,101.3,574
86,Back,No,3,85,10,Female,7,3,0,7,3,0,12/5/2016,21,21,21,21,21,22,101.3,101.1,101.3,575
60,Back,No,4,808,6,Female,3,2,1,4,2,0,12/5/2016,21,21,21,21,21,22,101.3,101.1,101.3,576
14,Front,No,1,373,10,Male,3,7,0,3,7,0,12/5/2016,21,21,21,21,21,22,101.3,101.1,101.3,577
72,Front,No,2,765,10,Female,8,2,0,8,2,0,12/5/2016,21,21,21,21,21,22,101.3,101.1,101.3,578
79,Front,No,3,42,10,Male,4,6,0,4,6,0,12/5/2016,21,21,21,21,21,22,101.3,101.1,101.3,579
17,Front,No,4,367,10,Male,10,0,0,10,0,0,12/5/2016,21,21,21,21,21,22,101.3,101.1,101.3,580
69,Back,No,1,26,10,Female,3,3,4,4,6,0,12/5/2016,21,21,21,21,21,22,101.3,101.1,101.3,581
104,Back,No,2,239,10,Female,9,1,0,6,3,1,12/5/2016,21,21,21,21,21,22,101.3,101.1,101.3,582
7,Back,No,3,508,10,Female,7,1,2,7,1,2,12/5/2016,21,21,21,21,21,22,101.3,101.1,101.3,583
108,Back,No,4,229,10,Male,4,6,0,4,6,0,12/5/2016,21,21,21,21,21,22,101.3,101.1,101.3,584
84,Front,No,1,88,10,Female,7,2,1,4,4,2,12/5/2016,21,21,21,21,21,22,101.3,101.1,101.3,585
122,Front,No,2,443,10,Male,7,2,1,8,2,0,12/5/2016,21,21,21,21,21,22,101.3,101.1,101.3,586
90,Front,No,3,843,10,Female,6,4,0,6,4,0,12/5/2016,21,21,21,21,21,22,101.3,101.1,101.3,587
105,Front,No,4,911,9,Male,2,7,0,4,5,0,12/5/2016,21,21,21,21,21,22,101.3,101.1,101.3,588
31,Back,No,1,757,10,Male,8,2,0,8,2,0,12/5/2016,21,21,21,21,21,22,101.3,101.1,101.3,589
117,Back,No,2,332,10,Male,9,1,0,9,1,0,12/5/2016,21,21,21,21,21,22,101.3,101.1,101.3,590
5,Back,No,3,45,10,Female,4,3,3,5,4,1,12/5/2016,21,21,21,21,21,22,101.3,101.1,101.3,591
38,Back,No,4,38,10,Male,5,5,0,5,5,0,12/5/2016,21,21,21,21,21,22,101.3,101.1,101.3,592
68,Front,No,1,41,10,Female,5,1,5,8,2,0,12/5/2016,21,21,21,21,21,22,101.3,101.1,101.3,593
114,Front,No,2,492,10,Male,8,2,0,8,2,0,12/5/2016,21,21,21,21,21,22,101.3,101.1,101.3,594
64,Front,No,3,774,10,Male,0,10,0,0,9,1,12/5/2016,21,21,21,21,21,22,101.3,101.1,101.3,595
53,Front,No,4,357,10,Female,5,4,1,5,5,0,12/5/2016,21,21,21,21,21,22,101.3,101.1,101.3,596
83,Back,No,1,28,10,Male,8,2,0,8,2,0,12/5/2016,21,21,21,21,21,22,101.3,101.1,101.3,597
55,Back,No,2,900,10,Female,4,6,0,4,4,2,12/5/2016,21,21,21,21,21,22,101.3,101.1,101.3,598
41,Back,No,3,491,10,Female,5,4,1,6,4,0,12/5/2016,21,21,21,21,21,22,101.3,101.1,101.3,599
4,Back,No,4,129,10,Male,9,1,0,9,1,0,12/5/2016,21,21,21,21,21,22,101.3,101.1,101.3,600
34,Front,No,1,91,10,Male,5,2,3,8,2,0,12/5/2016,21,21,21,21,21,22,101.3,101.1,101.3,601
63,Front,No,2,195,10,Male,6,4,0,5,4,1,12/5/2016,21,21,21,21,21,22,101.3,101.1,101.3,602
106,Front,No,3,399,10,Female,2,8,0,1,9,0,12/5/2016,21,21,21,21,21,22,101.3,101.1,101.3,603
29,Front,No,4,371,10,Male,6,3,1,6,3,1,12/5/2016,21,21,21,21,21,22,101.3,101.1,101.3,604
107,Back,No,1,379,10,Male,6,4,0,6,4,0,12/5/2016,21,21,21,21,21,22,101.3,101.1,101.3,605
82,Back,No,2,354,10,Female,8,2,0,8,2,0,12/5/2016,21,21,21,21,21,22,101.3,101.1,101.3,606
45,Back,No,3,59,10,Male,5,5,0,5,3,2,12/5/2016,21,21,21,21,21,22,101.3,101.1,101.3,607
99,Back,No,4,375,10,Female,0,9,1,1,9,0,12/5/2016,21,21,21,21,21,22,101.3,101.1,101.3,608
16,Front,No,1,502,10,Female,4,6,0,5,5,0,12/5/2016,21,21,21,21,21,22,101.3,101.1,101.3,609
10,Front,No,2,391,10,Male,1,9,0,0,10,0,12/5/2016,21,21,21,21,21,22,101.3,101.1,101.3,610
123,Front,No,3,427,10,Male,7,2,1,6,3,1,12/5/2016,21,21,21,21,21,22,101.3,101.1,101.3,611
36,Front,No,4,228,10,Male,1,9,0,1,9,0,12/5/2016,21,21,21,21,21,22,101.3,101.1,101.3,612
67,Back,No,1,395,10,Female,0,9,1,1,9,0,12/5/2016,21,21,21,21,21,22,101.3,101.1,101.3,613
3,Back,No,2,315,10,Female,3,3,4,5,5,0,12/5/2016,21,21,21,21,21,22,101.3,101.1,101.3,614
66,Back,No,3,177,10,Female,3,1,6,7,2,1,12/5/2016,21,21,21,21,21,22,101.3,101.1,101.3,615
101,Back,No,4,307,10,Male,1,2,1,7,3,0,12/5/2016,21,21,21,21,21,22,101.3,101.1,101.3,616
93,Front,No,1,301,10,Female,9,1,0,9,1,0,12/5/2016,21,21,21,21,21,22,101.3,101.1,101.3,617
57,Front,No,2,158,10,Female,0,9,1,1,8,1,12/5/2016,21,21,21,21,21,22,101.3,101.1,101.3,618
11,Front,No,3,703,10,Male,8,2,0,7,2,1,12/5/2016,21,21,21,21,21,22,101.3,101.1,101.3,619
75,Front,No,4,509,10,Male,4,6,0,4,6,0,12/5/2016,21,21,21,21,21,22,101.3,101.1,101.3,620
25,Back,No,1,596,10,Male,7,0,3,7,0,3,12/5/2016,21,21,21,21,21,22,101.3,101.1,101.3,621
110,Back,No,2,217,7,Female,4,3,0,4,3,0,12/5/2016,21,21,21,21,21,22,101.3,101.1,101.3,622
118,Back,No,3,517,10,Female,2,8,0,2,8,0,12/5/2016,21,21,21,21,21,22,101.3,101.1,101.3,623
1,Back,No,4,235,6,Male,0,6,0,0,4,2,12/5/2016,21,21,21,21,21,22,101.3,101.1,101.3,624
74,Front,No,1,439,6,Female,2,4,0,3,2,1,12/5/2016,21,21,21,21,21,22,101.3,101.1,101.3,625
9,Front,No,2,385,10,Female,3,1,2,3,1,2,12/5/2016,21,21,21,21,21,22,101.3,101.1,101.3,626
87,Front,No,3,774,10,Female,10,0,0,10,0,0,12/5/2016,21,21,21,21,21,22,101.3,101.1,101.3,627
43,Front,No,4,774,10,Male,0,10,0,0,10,0,12/5/2016,21,21,21,21,21,22,101.3,101.1,101.3,628
12,Back,No,1,757,10,Female,1,8,1,2,8,0,12/5/2016,21,21,21,21,21,22,101.3,101.1,101.3,629
127,Back,No,2,757,10,Male,2,8,0,2,8,0,12/5/2016,21,21,21,21,21,22,101.3,101.1,101.3,630
18,Back,No,3,177,10,Female,1,8,1,1,5,4,12/5/2016,21,21,21,21,21,22,101.3,101.1,101.3,631
32,Back,No,4,177,10,Male,9,0,1,7,0,3,12/5/2016,21,21,21,21,21,22,101.3,101.1,101.3,632
49,Front,No,1,703,10,Female,6,1,3,2,4,4,12/5/2016,21,21,21,21,21,22,101.3,101.1,101.3,633
22,Front,No,2,703,10,Male,5,4,1,6,4,0,12/5/2016,21,21,21,21,21,22,101.3,101.1,101.3,634
47,Front,No,3,517,10,Female,8,2,0,5,4,1,12/5/2016,21,21,21,21,21,22,101.3,101.1,101.3,635
54,Front,No,4,517,10,Male,6,4,0,6,4,0,12/5/2016,21,21,21,21,21,22,101.3,101.1,101.3,636
80,Back,No,1,195,10,Female,4,5,1,1,3,6,12/5/2016,21,21,21,21,21,22,101.3,101.1,101.3,637
33,Back,No,2,195,10,Male,10,0,0,9,0,1,12/5/2016,21,21,21,21,21,22,101.3,101.1,101.3,638
85,Back,No,3,315,9,Female,2,5,2,2,7,0,12/5/2016,21,21,21,21,21,22,101.3,101.1,101.3,639
120,Back,No,4,315,8,Male,7,1,0,7,1,0,12/5/2016,21,21,21,21,21,22,101.3,101.1,101.3,640
8,Front,No,1,508,10,Female,1,7,2,1,7,2,12/5/2016,21,21,21,21,21,22,101.3,101.1,101.3,641
100,Front,No,2,508,10,Male,3,7,0,2,6,2,12/5/2016,21,21,21,21,21,22,101.3,101.1,101.3,642
5,Front,No,1,235,10,Male,0,10,0,0,10,0,12/11/2016,21,21,21,22,21,22,102.4,100.7,101.5,643
38,Front,No,2,517,10,Female,4,6,0,4,5,1,12/11/2016,21,21,21,22,21,22,102.4,100.7,101.5,644
64,Front,No,3,367,10,Male,7,3,0,6,3,1,12/11/2016,21,21,21,22,21,22,102.4,100.7,101.5,645
105,Front,No,4,42,10,Male,1,9,0,1,9,0,12/11/2016,21,21,21,22,21,22,102.4,100.7,101.5,646
111,Back,No,1,757,10,Male,10,0,0,10,0,0,12/11/2016,21,21,21,22,21,22,102.4,100.7,101.5,647
43,Back,No,2,900,10,Male,5,5,0,6,4,0,12/11/2016,21,21,21,22,21,22,102.4,100.7,101.5,648
101,Back,No,3,85,10,Female,10,0,0,10,0,0,12/11/2016,21,21,21,22,21,22,102.4,100.7,101.5,649
40,Back,No,4,439,10,Female,6,3,1,7,3,0,12/11/2016,21,21,21,22,21,22,102.4,100.7,101.5,650
109,Front,No,1,799,10,Female,8,2,0,8,2,0,12/11/2016,21,21,21,22,21,22,102.4,100.7,101.5,651
1,Front,No,2,26,10,Male,3,7,0,4,6,0,12/11/2016,21,21,21,22,21,22,102.4,100.7,101.5,652
114,Front,No,3,509,10,Male,10,0,0,10,0,0,12/11/2016,21,21,21,22,21,22,102.4,100.7,101.5,653
9,Front,No,4,158,10,Male,8,2,0,8,2,0,12/11/2016,21,21,21,22,21,22,102.4,100.7,101.5,654
108,Back,No,1,492,10,Male,6,4,0,6,4,0,12/11/2016,21,21,21,22,21,22,102.4,100.7,101.5,655
73,Back,No,2,894,10,Female,3,6,1,7,3,0,12/11/2016,21,21,21,22,21,22,102.4,100.7,101.5,656
87,Back,No,3,28,10,Female,0,10,0,0,10,0,12/11/2016,21,21,21,22,21,22,102.4,100.7,101.5,657
97,Back,No,4,301,10,Male,4,6,0,4,6,0,12/11/2016,21,21,21,22,21,22,102.4,100.7,101.5,658
48,Front,No,1,41,10,Female,3,7,0,3,7,0,12/11/2016,21,21,21,22,21,22,102.4,100.7,101.5,659
127,Front,No,2,443,10,Male,6,4,0,6,3,1,12/11/2016,21,21,21,22,21,22,102.4,100.7,101.5,660
78,Front,No,3,357,10,Female,6,3,1,5,5,0,12/11/2016,21,21,21,22,21,22,102.4,100.7,101.5,661
31,Front,No,4,907,10,Female,6,4,0,6,4,0,12/11/2016,21,21,21,22,21,22,102.4,100.7,101.5,662
4,Back,No,1,491,10,Female,5,5,0,6,4,0,12/11/2016,21,21,21,22,21,22,102.4,100.7,101.5,663
29,Back,No,2,38,10,Male,7,3,0,4,5,1,12/11/2016,21,21,21,22,21,22,102.4,100.7,101.5,664
59,Back,No,3,59,9,Female,9,0,0,8,1,0,12/11/2016,21,21,21,22,21,22,102.4,100.7,101.5,665
95,Back,No,4,765,10,Female,2,8,0,2,6,2,12/11/2016,21,21,21,22,21,22,102.4,100.7,101.5,666
92,Front,No,1,774,10,Male,5,5,0,5,5,0,12/11/2016,21,21,21,22,21,22,102.4,100.7,101.5,667
45,Front,No,2,45,10,Female,0,9,1,3,7,0,12/11/2016,21,21,21,22,21,22,102.4,100.7,101.5,668
23,Front,No,3,502,10,Female,5,5,0,7,3,0,12/11/2016,21,21,21,22,21,22,102.4,100.7,101.5,669
63,Front,No,4,332,10,Female,8,2,0,8,1,1,12/11/2016,21,21,21,22,21,22,102.4,100.7,101.5,670
17,Back,No,1,229,10,Female,3,5,2,6,3,1,12/11/2016,21,21,21,22,21,22,102.4,100.7,101.5,671
12,Back,No,2,808,10,Male,3,6,1,4,4,2,12/11/2016,21,21,21,22,21,22,102.4,100.7,101.5,672
124,Back,No,3,911,10,Male,2,8,0,2,8,0,12/11/2016,21,21,21,22,21,22,102.4,100.7,101.5,673
41,Back,No,4,703,10,Female,4,6,0,5,5,0,12/11/2016,21,21,21,22,21,22,102.4,100.7,101.5,674
104,Front,No,1,88,10,Female,9,1,0,5,4,1,12/11/2016,21,21,21,22,21,22,102.4,100.7,101.5,675
99,Front,No,2,373,10,Female,6,4,0,5,4,1,12/11/2016,21,21,21,22,21,22,102.4,100.7,101.5,676
81,Front,No,3,437,10,Male,7,3,0,8,2,0,12/11/2016,21,21,21,22,21,22,102.4,100.7,101.5,677
68,Front,No,4,371,10,Female,4,4,2,4,5,1,12/11/2016,21,21,21,22,21,22,102.4,100.7,101.5,678
61,Back,No,1,239,10,Female,6,3,1,5,4,1,12/11/2016,21,21,21,22,21,22,102.4,100.7,101.5,679
86,Back,No,2,395,10,Male,7,2,1,7,2,1,12/11/2016,21,21,21,22,21,22,102.4,100.7,101.5,680
8,Back,No,3,843,10,Female,0,9,1,0,9,1,12/11/2016,21,21,21,22,21,22,102.4,100.7,101.5,681
54,Back,No,4,307,10,Female,3,7,0,3,7,0,12/11/2016,21,21,21,22,21,22,102.4,100.7,101.5,682
19,Front,No,1,508,10,Female,9,1,0,7,0,3,12/11/2016,21,21,21,22,21,22,102.4,100.7,101.5,683
106,Front,No,2,375,10,Male,8,2,0,8,2,0,12/11/2016,21,21,21,22,21,22,102.4,100.7,101.5,684
123,Front,No,3,379,10,Female,9,1,0,9,1,0,12/11/2016,21,21,21,22,21,22,102.4,100.7,101.5,685
117,Front,No,4,177,10,Female,3,6,1,2,4,4,12/11/2016,21,21,21,22,21,22,102.4,100.7,101.5,686
100,Back,No,1,391,10,Male,6,4,0,6,4,0,12/11/2016,21,21,21,22,21,22,102.4,100.7,101.5,687
25,Back,No,2,399,10,Female,2,7,1,2,8,0,12/11/2016,21,21,21,22,21,22,102.4,100.7,101.5,688
67,Back,No,3,91,10,Female,8,2,0,7,3,0,12/11/2016,21,21,21,22,21,22,102.4,100.7,101.5,689
120,Back,No,4,208,10,Male,7,3,0,4,4,2,12/11/2016,21,21,21,22,21,22,102.4,100.7,101.5,690
2,Front,No,1,129,10,Male,8,2,0,8,2,0,12/11/2016,21,21,21,22,21,22,102.4,100.7,101.5,691
90,Front,No,2,195,10,Male,9,1,0,8,2,0,12/11/2016,21,21,21,22,21,22,102.4,100.7,101.5,692
33,Front,No,3,354,10,Male,4,6,0,3,5,2,12/11/2016,21,21,21,22,21,22,102.4,100.7,101.5,693
85,Front,No,4,315,10,Female,3,7,0,3,5,2,12/11/2016,21,21,21,22,21,22,102.4,100.7,101.5,694
42,Back,No,1,427,10,Female,2,7,1,3,7,0,12/11/2016,21,21,21,22,21,22,102.4,100.7,101.5,695
27,Back,No,2,517,10,Male,4,6,0,4,6,0,12/11/2016,21,21,21,22,21,22,102.4,100.7,101.5,696
98,Back,No,3,596,10,Male,3,7,0,3,7,0,12/11/2016,21,21,21,22,21,22,102.4,100.7,101.5,697
80,Back,No,4,385,8,Male,8,0,0,8,0,0,12/11/2016,21,21,21,22,21,22,102.4,100.7,101.5,698
15,Front,No,1,392,8,Female,3,5,0,3,4,1,12/11/2016,21,21,21,22,21,22,102.4,100.7,101.5,699
14,Front,No,2,799,10,Female,5,5,0,4,3,3,12/11/2016,21,21,21,22,21,22,102.4,100.7,101.5,700
26,Front,No,3,26,10,Female,3,7,0,3,7,0,12/11/2016,21,21,21,22,21,22,102.4,100.7,101.5,701
6,Front,No,4,911,10,Female,10,0,0,10,0,0,12/11/2016,21,21,21,22,21,22,102.4,100.7,101.5,702
121,Back,No,1,28,10,Male,0,10,0,0,10,0,12/11/2016,21,21,21,22,21,22,102.4,100.7,101.5,703
20,Back,No,2,439,10,Male,3,7,0,3,7,0,12/11/2016,21,21,21,22,21,22,102.4,100.7,101.5,704
88,Back,No,3,88,10,Male,1,9,0,1,9,0,12/11/2016,21,21,21,22,21,22,102.4,100.7,101.5,705
50,Back,No,4,437,10,Female,6,3,1,7,3,0,12/11/2016,21,21,21,22,21,22,102.4,100.7,101.5,706
49,Front,No,1,235,10,Female,0,7,3,2,8,0,12/11/2016,21,21,21,22,21,22,102.4,100.7,101.5,707
18,Front,No,2,703,10,Male,6,4,0,6,3,1,12/11/2016,21,21,21,22,21,22,102.4,100.7,101.5,708
51,Front,No,3,443,10,Female,5,4,1,2,7,1,12/11/2016,21,21,21,22,21,22,102.4,100.7,101.5,709
96,Front,No,4,757,10,Female,0,9,1,0,7,3,12/11/2016,21,21,21,22,21,22,102.4,100.7,101.5,710
75,Back,No,1,38,10,Female,8,2,0,7,2,1,12/11/2016,21,21,21,22,21,22,102.4,100.7,101.5,711
89,Back,No,2,373,10,Male,5,5,0,6,4,0,12/11/2016,21,21,21,22,21,22,102.4,100.7,101.5,712
70,Back,No,3,765,10,Male,8,2,0,8,1,1,12/11/2016,21,21,21,22,21,22,102.4,100.7,101.5,713
7,Back,No,4,596,10,Female,6,4,0,6,4,0,12/11/2016,21,21,21,22,21,22,102.4,100.7,101.5,714
69,Front,No,1,774,10,Female,7,2,1,8,2,0,12/11/2016,21,21,21,22,21,22,102.4,100.7,101.5,715
116,Front,No,2,91,10,Male,8,2,0,8,2,0,12/11/2016,21,21,21,22,21,22,102.4,100.7,101.5,716
35,Front,No,3,371,10,Male,0,10,0,2,8,0,12/11/2016,21,21,21,22,21,22,102.4,100.7,101.5,717
56,Front,No,4,492,10,Female,9,1,0,8,0,2,12/11/2016,21,21,21,22,21,22,102.4,100.7,101.5,718
30,Back,No,1,799,10,Male,0,10,0,0,9,1,12/11/2016,21,21,21,22,21,22,102.4,100.7,101.5,719
13,Back,No,2,907,10,Male,3,7,0,4,6,0,12/11/2016,21,21,21,22,21,22,102.4,100.7,101.5,720
58,Back,No,3,239,10,Male,1,9,0,1,8,1,12/11/2016,21,21,21,22,21,22,102.4,100.7,101.5,721
79,Back,No,4,375,10,Female,5,5,0,5,3,2,12/11/2016,21,21,21,22,21,22,102.4,100.7,101.5,722
112,Front,No,1,808,10,Female,4,6,0,4,6,0,12/11/2016,21,21,21,22,21,22,102.4,100.7,101.5,723
28,Front,No,2,129,10,Female,8,0,2,6,1,3,12/11/2016,21,21,21,22,21,22,102.4,100.7,101.5,724
44,Front,No,3,301,10,Female,4,5,1,3,5,2,12/11/2016,21,21,21,22,21,22,102.4,100.7,101.5,725
37,Front,No,4,379,10,Male,8,2,0,8,2,0,12/11/2016,21,21,21,22,21,22,102.4,100.7,101.5,726
113,Back,No,1,843,10,Male,0,7,3,0,6,4,12/11/2016,21,21,21,22,21,22,102.4,100.7,101.5,727
94,Back,No,2,42,10,Female,2,8,0,2,7,1,12/11/2016,21,21,21,22,21,22,102.4,100.7,101.5,728
115,Back,No,3,491,10,Male,4,5,1,4,5,1,12/11/2016,21,21,21,22,21,22,102.4,100.7,101.5,729
103,Back,No,4,900,10,Female,2,7,1,3,7,0,12/11/2016,21,21,21,22,21,22,102.4,100.7,101.5,730
91,Front,No,1,41,10,Male,6,4,0,7,3,0,12/11/2016,21,21,21,22,21,22,102.4,100.7,101.5,731
77,Front,No,2,158,10,Female,4,6,0,4,6,0,12/11/2016,21,21,21,22,21,22,102.4,100.7,101.5,732
119,Front,No,3,307,10,Male,1,9,0,0,9,1,12/11/2016,21,21,21,22,21,22,102.4,100.7,101.5,733
62,Front,No,4,385,10,Female,6,3,1,7,3,0,12/11/2016,21,21,21,22,21,22,102.4,100.7,101.5,734
126,Back,No,1,85,10,Male,1,9,0,2,7,1,12/11/2016,21,21,21,22,21,22,102.4,100.7,101.5,735
102,Back,No,2,229,10,Male,0,9,1,0,9,1,12/11/2016,21,21,21,22,21,22,102.4,100.7,101.5,736
125,Back,No,3,367,10,Female,8,0,2,0,9,1,12/11/2016,21,21,21,22,21,22,102.4,100.7,101.5,737
84,Back,No,4,894,10,Male,1,3,6,1,6,3,12/11/2016,21,21,21,22,21,22,102.4,100.7,101.5,738
39,Front,No,1,177,10,Male,5,5,0,5,5,0,12/11/2016,21,21,21,22,21,22,102.4,100.7,101.5,739
110,Front,No,2,315,10,Male,7,3,0,7,3,0,12/11/2016,21,21,21,22,21,22,102.4,100.7,101.5,740
66,Front,No,3,391,10,Female,2,8,0,1,8,1,12/11/2016,21,21,21,22,21,22,102.4,100.7,101.5,741
10,Front,No,4,502,10,Male,3,7,0,3,7,0,12/11/2016,21,21,21,22,21,22,102.4,100.7,101.5,742
65,Back,No,1,508,10,Male,1,8,1,1,7,2,12/11/2016,21,21,21,22,21,22,102.4,100.7,101.5,743
3,Back,No,2,332,10,Male,3,5,2,3,5,2,12/11/2016,21,21,21,22,21,22,102.4,100.7,101.5,744
47,Back,No,3,195,10,Female,1,8,1,1,9,0,12/11/2016,21,21,21,22,21,22,102.4,100.7,101.5,745
16,Back,No,4,45,10,Male,7,3,0,7,3,0,12/11/2016,21,21,21,22,21,22,102.4,100.7,101.5,746
60,Front,No,1,208,10,Female,2,7,1,2,7,1,12/11/2016,21,21,21,22,21,22,102.4,100.7,101.5,747
118,Front,No,2,354,10,Female,6,4,0,6,4,0,12/11/2016,21,21,21,22,21,22,102.4,100.7,101.5,748
72,Front,No,3,395,9,Female,3,6,0,4,4,1,12/11/2016,21,21,21,22,21,22,102.4,100.7,101.5,749
83,Front,No,4,509,10,Female,3,6,1,4,6,0,12/11/2016,21,21,21,22,21,22,102.4,100.7,101.5,750
21,Back,No,1,399,10,Male,6,3,1,6,3,1,12/11/2016,21,21,21,22,21,22,102.4,100.7,101.5,751
32,Back,No,2,357,10,Male,4,5,1,4,5,1,12/11/2016,21,21,21,22,21,22,102.4,100.7,101.5,752
34,Back,No,3,59,9,Male,8,1,0,9,0,0,12/11/2016,21,21,21,22,21,22,102.4,100.7,101.5,753
82,Back,No,4,427,10,Male,5,5,0,4,6,0,12/11/2016,21,21,21,22,21,22,102.4,100.7,101.5,754
24,Front,No,1,808,10,Male,7,3,0,7,3,0,12/11/2016,21,21,21,22,21,22,102.4,100.7,101.5,755
76,Front,No,2,808,10,Female,4,2,4,4,4,2,12/11/2016,21,21,21,22,21,22,102.4,100.7,101.5,756
74,Front,No,3,307,10,Female,1,8,1,1,9,0,12/11/2016,21,21,21,22,21,22,102.4,100.7,101.5,757
22,Front,No,4,307,10,Male,9,1,0,9,1,0,12/11/2016,21,21,21,22,21,22,102.4,100.7,101.5,758
36,Back,No,1,208,10,Female,4,5,1,4,5,1,12/11/2016,21,21,21,22,21,22,102.4,100.7,101.5,759
52,Back,No,2,208,9,Male,2,6,1,2,5,2,12/11/2016,21,21,21,22,21,22,102.4,100.7,101.5,760
71,Back,No,3,439,10,Male,7,3,0,7,3,0,12/11/2016,21,21,21,22,21,22,102.4,100.7,101.5,761
46,Back,No,4,439,10,Female,8,1,1,9,1,0,12/11/2016,21,21,21,22,21,22,102.4,100.7,101.5,762
53,Front,No,1,332,10,Female,5,4,1,5,4,1,12/11/2016,21,21,21,22,21,22,102.4,100.7,101.5,763
55,Front,No,2,332,10,Male,1,8,1,3,7,0,12/11/2016,21,21,21,22,21,22,102.4,100.7,101.5,764
115,Front,No,1,373,10,Female,2,7,1,4,5,1,12/16/2016,21,21,21,21,21,21,102.5,100.4,101.9,765
122,Front,No,2,177,10,Female,6,2,2,8,1,1,12/16/2016,21,21,21,21,21,21,102.5,100.4,101.9,766
107,Front,No,3,439,10,Male,2,8,0,5,5,0,12/16/2016,21,21,21,21,21,21,102.5,100.4,101.9,767
103,Front,No,4,85,10,Male,2,7,1,4,6,0,12/16/2016,21,21,21,21,21,21,102.5,100.4,101.9,768
3,Back,No,1,808,9,Female,5,4,0,5,3,1,12/16/2016,21,21,21,21,21,21,102.5,100.4,101.9,769
94,Back,No,2,229,10,Male,10,0,0,10,0,0,12/16/2016,21,21,21,21,21,21,102.5,100.4,101.9,770
80,Back,No,3,371,10,Female,0,6,4,3,7,0,12/16/2016,21,21,21,21,21,21,102.5,100.4,101.9,771
15,Back,No,4,757,10,Male,7,3,0,6,4,0,12/16/2016,21,21,21,21,21,21,102.5,100.4,101.9,772
91,Front,No,1,443,10,Female,3,7,0,3,7,0,12/16/2016,21,21,21,21,21,21,102.5,100.4,101.9,773
37,Front,No,2,26,10,Female,7,3,0,6,3,1,12/16/2016,21,21,21,21,21,21,102.5,100.4,101.9,774
27,Front,No,3,703,10,Male,9,1,0,7,2,1,12/16/2016,21,21,21,21,21,21,102.5,100.4,101.9,775
85,Front,No,4,88,10,Male,2,8,0,2,8,0,12/16/2016,21,21,21,21,21,21,102.5,100.4,101.9,776
76,Back,No,1,491,10,Female,6,3,1,4,6,0,12/16/2016,21,21,21,21,21,21,102.5,100.4,101.9,777
67,Back,No,2,911,10,Female,2,8,0,1,8,1,12/16/2016,21,21,21,21,21,21,102.5,100.4,101.9,778
73,Back,No,3,774,10,Male,5,5,0,6,4,0,12/16/2016,21,21,21,21,21,21,102.5,100.4,101.9,779
33,Back,No,4,28,10,Male,10,0,0,10,0,0,12/16/2016,21,21,21,21,21,21,102.5,100.4,101.9,780
32,Front,No,1,437,10,Male,6,2,2,6,2,2,12/16/2016,21,21,21,21,21,21,102.5,100.4,101.9,781
17,Front,No,2,907,10,Male,8,2,0,7,1,2,12/16/2016,21,21,21,21,21,21,102.5,100.4,101.9,782
9,Front,No,3,57,10,Female,4,3,3,4,5,1,12/16/2016,21,21,21,21,21,21,102.5,100.4,101.9,783
42,Front,No,4,765,10,Female,7,1,2,9,1,0,12/16/2016,21,21,21,21,21,21,102.5,100.4,101.9,784
120,Back,No,1,228,10,Female,3,6,1,4,5,1,12/16/2016,21,21,21,21,21,21,102.5,100.4,101.9,785
111,Back,No,2,41,10,Male,2,8,0,2,8,0,12/16/2016,21,21,21,21,21,21,102.5,100.4,101.9,786
1,Back,No,3,799,10,Female,10,0,0,9,1,0,12/16/2016,21,21,21,21,21,21,102.5,100.4,101.9,787
127,Back,No,4,502,10,Male,10,0,0,9,0,1,12/16/2016,21,21,21,21,21,21,102.5,100.4,101.9,788
38,Front,No,1,38,10,Female,9,0,1,9,1,0,12/16/2016,21,21,21,21,21,21,102.5,100.4,101.9,789
4,Front,No,2,843,10,Male,3,7,0,5,5,0,12/16/2016,21,21,21,21,21,21,102.5,100.4,101.9,790
97,Front,No,3,596,10,Female,5,4,1,3,5,2,12/16/2016,21,21,21,21,21,21,102.5,100.4,101.9,791
98,Front,No,4,357,10,Male,7,3,0,7,3,0,12/16/2016,21,21,21,21,21,21,102.5,100.4,101.9,792
87,Back,No,1,42,10,Female,3,4,3,3,5,2,12/16/2016,21,21,21,21,21,21,102.5,100.4,101.9,793
12,Back,No,2,894,10,Female,5,3,2,7,3,0,12/16/2016,21,21,21,21,21,21,102.5,100.4,101.9,794
48,Back,No,3,492,10,Male,2,8,0,2,7,1,12/16/2016,21,21,21,21,21,21,102.5,100.4,101.9,795
93,Back,No,4,385,10,Male,5,5,0,6,4,0,12/16/2016,21,21,21,21,21,21,102.5,100.4,101.9,796
43,Front,No,1,45,10,Male,1,9,0,1,9,0,12/16/2016,21,21,21,21,21,21,102.5,100.4,101.9,797
78,Front,No,2,307,10,Male,10,0,0,10,0,0,12/16/2016,21,21,21,21,21,21,102.5,100.4,101.9,798
83,Front,No,3,217,10,Female,2,7,1,5,3,2,12/16/2016,21,21,21,21,21,21,102.5,100.4,101.9,799
102,Front,No,4,900,10,Female,9,1,0,8,1,1,12/16/2016,21,21,21,21,21,21,102.5,100.4,101.9,800
108,Back,No,1,239,10,Male,6,4,0,6,4,0,12/16/2016,21,21,21,21,21,21,102.5,100.4,101.9,801
59,Back,No,2,59,10,Male,0,10,0,0,9,1,12/16/2016,21,21,21,21,21,21,102.5,100.4,101.9,802
65,Back,No,3,235,10,Female,3,7,0,4,6,0,12/16/2016,21,21,21,21,21,21,102.5,100.4,101.9,803
26,Back,No,4,332,10,Female,9,1,0,9,1,0,12/16/2016,21,21,21,21,21,21,102.5,100.4,101.9,804
44,Front,No,1,517,10,Male,1,9,0,2,8,0,12/16/2016,21,21,21,21,21,21,102.5,100.4,101.9,805
41,Front,No,2,91,10,Female,9,1,0,8,0,2,12/16/2016,21,21,21,21,21,21,102.5,100.4,101.9,806
95,Front,No,3,395,10,Female,2,8,0,2,7,1,12/16/2016,21,21,21,21,21,21,102.5,100.4,101.9,807
31,Front,No,4,301,10,Female,5,5,0,4,3,3,12/16/2016,21,21,21,21,21,21,102.5,100.4,101.9,808
100,Back,No,1,129,10,Male,6,4,0,6,3,1,12/16/2016,21,21,21,21,21,21,102.5,100.4,101.9,809
58,Back,No,2,315,10,Female,7,1,2,8,2,0,12/16/2016,21,21,21,21,21,21,102.5,100.4,101.9,810
68,Back,No,3,375,10,Male,1,9,0,2,8,0,12/16/2016,21,21,21,21,21,21,102.5,100.4,101.9,811
125,Back,No,4,502,10,Female,5,2,3,5,3,2,12/16/2016,21,21,21,21,21,21,102.5,100.4,101.9,812
25,Front,No,1,208,10,Male,8,2,0,7,1,2,12/16/2016,21,21,21,21,21,21,102.5,100.4,101.9,813
63,Front,No,2,354,10,Male,6,4,0,6,3,1,12/16/2016,21,21,21,21,21,21,102.5,100.4,101.9,814
77,Front,No,3,379,10,Female,3,7,0,2,8,0,12/16/2016,21,21,21,21,21,21,102.5,100.4,101.9,815
119,Front,No,4,509,10,Female,7,3,0,7,3,0,12/16/2016,21,21,21,21,21,21,102.5,100.4,101.9,816
112,Back,No,1,195,10,Female,8,2,0,8,2,0,12/16/2016,21,21,21,21,21,21,102.5,100.4,101.9,817
92,Back,No,2,367,10,Female,9,1,0,6,1,3,12/16/2016,21,21,21,21,21,21,102.5,100.4,101.9,818
109,Back,No,3,392,10,Male,3,6,1,3,7,0,12/16/2016,21,21,21,21,21,21,102.5,100.4,101.9,819
114,Back,No,4,427,10,Female,7,3,0,6,3,1,12/16/2016,21,21,21,21,21,21,102.5,100.4,101.9,820
8,Front,No,1,399,10,Male,4,6,0,4,5,1,12/16/2016,21,21,21,21,21,21,102.5,100.4,101.9,821
54,Front,No,2,391,10,Female,7,1,2,5,1,4,12/16/2016,21,21,21,21,21,21,102.5,100.4,101.9,822
23,Front,No,3,158,10,Male,9,1,0,8,1,1,12/16/2016,21,21,21,21,21,21,102.5,100.4,101.9,823
29,Front,No,4,392,10,Male,9,1,0,9,0,1,12/16/2016,21,21,21,21,21,21,102.5,100.4,101.9,824
18,Back,No,1,703,10,Female,0,9,1,0,9,1,12/16/2016,21,21,21,21,21,21,102.5,100.4,101.9,825
35,Back,No,2,354,10,Female,4,6,0,4,5,1,12/16/2016,21,21,21,21,21,21,102.5,100.4,101.9,826
14,Back,No,3,85,10,Female,2,8,0,2,8,0,12/16/2016,21,21,21,21,21,21,102.5,100.4,101.9,827
11,Back,No,4,765,10,Male,1,9,0,1,7,2,12/16/2016,21,21,21,21,21,21,102.5,100.4,101.9,828
82,Front,No,1,371,10,Male,8,0,2,8,1,1,12/16/2016,21,21,21,21,21,21,102.5,100.4,101.9,829
96,Front,No,2,437,10,Female,2,5,3,3,6,1,12/16/2016,21,21,21,21,21,21,102.5,100.4,101.9,830
104,Front,No,3,229,10,Female,6,4,0,4,4,2,12/16/2016,21,21,21,21,21,21,102.5,100.4,101.9,831
99,Front,No,4,911,10,Male,2,8,0,2,7,1,12/16/2016,21,21,21,21,21,21,102.5,100.4,101.9,832
21,Back,No,1,907,10,Female,2,6,2,5,5,0,12/16/2016,21,21,21,21,21,21,102.5,100.4,101.9,833
7,Back,No,2,26,10,Male,2,7,1,2,8,0,12/16/2016,21,21,21,21,21,21,102.5,100.4,101.9,834
53,Back,No,3,596,10,Male,5,5,0,4,6,0,12/16/2016,21,21,21,21,21,21,102.5,100.4,101.9,835
70,Back,No,4,228,10,Male,0,10,0,0,10,0,12/16/2016,21,21,21,21,21,21,102.5,100.4,101.9,836
51,Front,No,1,900,10,Male,4,6,0,5,5,0,12/16/2016,21,21,21,21,21,21,102.5,100.4,101.9,837
89,Front,No,2,757,10,Female,8,1,1,7,1,2,12/16/2016,21,21,21,21,21,21,102.5,100.4,101.9,838
62,Front,No,3,392,10,Female,8,1,1,8,2,0,12/16/2016,21,21,21,21,21,21,102.5,100.4,101.9,839
34,Front,No,4,367,10,Male,1,8,1,1,8,1,12/16/2016,21,21,21,21,21,21,102.5,100.4,101.9,840
121,Back,No,1,894,10,Male,6,1,3,7,1,2,12/16/2016,21,21,21,21,21,21,102.5,100.4,101.9,841
75,Back,No,2,774,10,Female,2,7,1,3,6,1,12/16/2016,21,21,21,21,21,21,102.5,100.4,101.9,842
86,Back,No,3,28,10,Female,2,8,0,2,8,0,12/16/2016,21,21,21,21,21,21,102.5,100.4,101.9,843
64,Back,No,4,502,10,Male,4,3,3,7,3,0,12/16/2016,21,21,21,21,21,21,102.5,100.4,101.9,844
56,Front,No,1,88,10,Female,10,0,0,10,0,0,12/16/2016,21,21,21,21,21,21,102.5,100.4,101.9,845
5,Front,No,2,235,10,Male,8,1,1,8,1,1,12/16/2016,21,21,21,21,21,21,102.5,100.4,101.9,846
110,Front,No,3,373,10,Male,10,0,0,8,1,1,12/16/2016,21,21,21,21,21,21,102.5,100.4,101.9,847
123,Front,No,4,439,10,Female,1,9,0,2,8,0,12/16/2016,21,21,21,21,21,21,102.5,100.4,101.9,848
28,Back,No,1,843,10,Female,10,0,0,10,0,0,12/16/2016,21,21,21,21,21,21,102.5,100.4,101.9,849
36,Back,No,2,427,10,Male,6,4,0,6,3,1,12/16/2016,21,21,21,21,21,21,102.5,100.4,101.9,850
124,Back,No,3,59,10,Female,2,6,2,6,2,2,12/16/2016,21,21,21,21,21,21,102.5,100.4,101.9,851
126,Back,No,4,129,10,Female,4,6,0,4,5,1,12/16/2016,21,21,21,21,21,21,102.5,100.4,101.9,852
101,Front,No,1,808,10,Male,8,2,0,8,2,0,12/16/2016,21,21,21,21,21,21,102.5,100.4,101.9,853
46,Front,No,2,799,10,Male,9,1,0,9,1,0,12/16/2016,21,21,21,21,21,21,102.5,100.4,101.9,854
13,Front,No,3,45,10,Female,4,6,0,3,6,1,12/16/2016,21,21,21,21,21,21,102.5,100.4,101.9,855
117,Front,No,4,492,10,Female,5,5,0,5,5,0,12/16/2016,21,21,21,21,21,21,102.5,100.4,101.9,856
69,Back,No,1,443,10,Male,9,1,0,9,1,0,12/16/2016,21,21,21,21,21,21,102.5,100.4,101.9,857
30,Back,No,2,375,10,Female,6,4,0,6,4,0,12/16/2016,21,21,21,21,21,21,102.5,100.4,101.9,858
16,Back,No,3,239,10,Female,2,8,0,2,8,0,12/16/2016,21,21,21,21,21,21,102.5,100.4,101.9,859
74,Back,No,4,91,10,Male,1,9,0,2,6,2,12/16/2016,21,21,21,21,21,21,102.5,100.4,101.9,860
40,Front,No,1,491,10,Male,7,3,0,6,3,1,12/16/2016,21,21,21,21,21,21,102.5,100.4,101.9,861
49,Front,No,2,379,10,Male,9,1,0,9,1,0,12/16/2016,21,21,21,21,21,21,102.5,100.4,101.9,862
2,Front,No,3,301,10,Male,7,3,0,7,3,0,12/16/2016,21,21,21,21,21,21,102.5,100.4,101.9,863
55,Front,No,4,38,10,Male,6,4,0,4,5,1,12/16/2016,21,21,21,21,21,21,102.5,100.4,101.9,864
105,Back,No,1,217,10,Male,1,9,0,1,5,4,12/16/2016,21,21,21,21,21,21,102.5,100.4,101.9,865
19,Back,No,2,357,10,Female,1,8,1,2,8,0,12/16/2016,21,21,21,21,21,21,102.5,100.4,101.9,866
90,Back,No,3,399,10,Female,0,9,1,1,9,0,12/16/2016,21,21,21,21,21,21,102.5,100.4,101.9,867
22,Back,No,4,517,10,Female,5,5,0,5,4,1,12/16/2016,21,21,21,21,21,21,102.5,100.4,101.9,868
116,Front,No,1,509,10,Male,7,2,1,7,3,0,12/16/2016,21,21,21,21,21,21,102.5,100.4,101.9,869
79,Front,No,2,395,10,Male,6,4,0,5,4,1,12/16/2016,21,21,21,21,21,21,102.5,100.4,101.9,870
61,Front,No,3,208,10,Female,1,8,1,1,7,2,12/16/2016,21,21,21,21,21,21,102.5,100.4,101.9,871
20,Front,No,4,57,10,Male,1,7,2,2,7,1,12/16/2016,21,21,21,21,21,21,102.5,100.4,101.9,872
81,Back,No,1,391,10,Male,5,5,0,6,2,2,12/16/2016,21,21,21,21,21,21,102.5,100.4,101.9,873
106,Back,No,2,315,10,Male,8,1,1,7,1,2,12/16/2016,21,21,21,21,21,21,102.5,100.4,101.9,874
47,Back,No,3,177,10,Male,9,1,0,9,1,0,12/16/2016,21,21,21,21,21,21,102.5,100.4,101.9,875
24,Back,No,4,42,10,Male,3,5,2,4,6,0,12/16/2016,21,21,21,21,21,21,102.5,100.4,101.9,876
50,Front,No,1,41,10,Female,5,4,1,6,4,0,12/16/2016,21,21,21,21,21,21,102.5,100.4,101.9,877
45,Front,No,2,158,10,Female,0,5,5,0,7,3,12/16/2016,21,21,21,21,21,21,102.5,100.4,101.9,878
84,Front,No,3,307,10,Female,8,2,0,8,2,0,12/16/2016,21,21,21,21,21,21,102.5,100.4,101.9,879
113,Front,No,4,385,10,Female,0,8,2,0,8,2,12/16/2016,21,21,21,21,21,21,102.5,100.4,101.9,880
88,Back,No,1,195,10,Male,9,1,0,9,1,0,12/16/2016,21,21,21,21,21,21,102.5,100.4,101.9,881
6,Back,No,2,332,10,Male,2,8,0,2,8,0,12/16/2016,21,21,21,21,21,21,102.5,100.4,101.9,882
52,Back,No,3,392,10,Female,2,6,2,2,7,1,12/16/2016,21,21,21,21,21,21,102.5,100.4,101.9,883
71,Back,No,4,502,10,Female,2,6,2,2,6,2,12/16/2016,21,21,21,21,21,21,102.5,100.4,101.9,884
4,Front,No,1,26,10,Female,4,6,0,5,5,0,12/20/2016,21,21,21,21,21,21,102.1,101.9,101.5,885
104,Front,No,2,28,10,Male,7,3,0,7,3,0,12/20/2016,21,21,21,21,21,21,102.1,101.9,101.5,886
36,Front,No,3,703,10,Female,0,8,2,0,9,1,12/20/2016,21,21,21,21,21,21,102.1,101.9,101.5,887
85,Front,No,4,596,10,Male,10,0,0,8,2,0,12/20/2016,21,21,21,21,21,21,102.1,101.9,101.5,888
83,Back,No,1,88,10,Female,2,8,0,2,8,0,12/20/2016,21,21,21,21,21,21,102.1,101.9,101.5,889
17,Back,No,2,91,10,Male,10,0,0,10,0,0,12/20/2016,21,21,21,21,21,21,102.1,101.9,101.5,890
105,Back,No,3,437,10,Female,6,2,2,5,4,1,12/20/2016,21,21,21,21,21,21,102.1,101.9,101.5,891
110,Back,No,4,427,10,Male,6,4,0,6,4,0,12/20/2016,21,21,21,21,21,21,102.1,101.9,101.5,892
125,Front,No,1,235,10,Female,8,1,1,8,1,1,12/20/2016,21,21,21,21,21,21,102.1,101.9,101.5,893
59,Front,No,2,239,10,Male,0,9,1,0,10,0,12/20/2016,21,21,21,21,21,21,102.1,101.9,101.5,894
87,Front,No,3,911,10,Female,2,8,0,2,8,0,12/20/2016,21,21,21,21,21,21,102.1,101.9,101.5,895
126,Front,No,4,907,10,Male,9,1,0,10,0,0,12/20/2016,21,21,21,21,21,21,102.1,101.9,101.5,896
29,Back,No,1,517,10,Female,1,9,0,1,9,0,12/20/2016,21,21,21,21,21,21,102.1,101.9,101.5,897
65,Back,No,2,509,10,Male,9,1,0,9,1,0,12/20/2016,21,21,21,21,21,21,102.1,101.9,101.5,898
118,Back,No,3,399,10,Female,2,8,0,2,8,0,12/20/2016,21,21,21,21,21,21,102.1,101.9,101.5,899
86,Back,No,4,395,10,Male,1,9,0,2,8,0,12/20/2016,21,21,21,21,21,21,102.1,101.9,101.5,900
18,Front,No,1,85,10,Female,1,8,1,1,9,0,12/20/2016,21,21,21,21,21,21,102.1,101.9,101.5,901
102,Front,No,2,41,10,Male,9,1,0,9,1,0,12/20/2016,21,21,21,21,21,21,102.1,101.9,101.5,902
39,Front,No,3,508,10,Female,3,7,0,1,9,0,12/20/2016,21,21,21,21,21,21,102.1,101.9,101.5,903
34,Front,No,4,502,10,Male,0,10,0,0,9,1,12/20/2016,21,21,21,21,21,21,102.1,101.9,101.5,904
48,Back,No,1,129,10,Female,1,6,3,5,4,1,12/20/2016,21,21,21,21,21,21,102.1,101.9,101.5,905
7,Back,No,2,158,10,Male,1,9,0,1,9,0,12/20/2016,21,21,21,21,21,21,102.1,101.9,101.5,906
66,Back,No,3,301,10,Female,10,0,0,10,0,0,12/20/2016,21,21,21,21,21,21,102.1,101.9,101.5,907
28,Back,No,4,307,10,Male,0,10,0,0,9,1,12/20/2016,21,21,21,21,21,21,102.1,101.9,101.5,908
12,Front,No,2,894,10,Male,7,0,3,8,0,2,12/20/2016,21,21,21,21,21,21,102.1,101.9,101.5,909
101,Front,No,3,42,10,Female,3,6,1,3,7,0,12/20/2016,21,21,21,21,21,21,102.1,101.9,101.5,910
103,Front,No,4,45,10,Male,7,3,0,7,3,0,12/20/2016,21,21,21,21,21,21,102.1,101.9,101.5,911
23,Back,No,1,392,10,Female,2,5,3,2,6,2,12/20/2016,21,21,21,21,21,21,102.1,101.9,101.5,912
100,Back,No,2,391,10,Male,4,6,0,4,5,1,12/20/2016,21,21,21,21,21,21,102.1,101.9,101.5,913
60,Back,No,3,315,10,Female,7,3,0,8,2,0,12/20/2016,21,21,21,21,21,21,102.1,101.9,101.5,914
10,Back,No,4,332,10,Male,10,0,0,9,1,0,12/20/2016,21,21,21,21,21,21,102.1,101.9,101.5,915
31,Front,No,1,177,10,Female,1,9,0,3,7,0,12/20/2016,21,21,21,21,21,21,102.1,101.9,101.5,916
76,Front,No,2,195,10,Male,3,7,0,3,6,1,12/20/2016,21,21,21,21,21,21,102.1,101.9,101.5,917
26,Front,No,3,354,10,Female,9,1,0,5,5,0,12/20/2016,21,21,21,21,21,21,102.1,101.9,101.5,918
57,Front,No,4,357,10,Male,5,5,0,5,5,0,12/20/2016,21,21,21,21,21,21,102.1,101.9,101.5,919
32,Back,No,1,57,10,Female,8,2,0,7,3,0,12/20/2016,21,21,21,21,21,21,102.1,101.9,101.5,920
33,Back,No,2,59,10,Male,10,0,0,9,0,1,12/20/2016,21,21,21,21,21,21,102.1,101.9,101.5,921
98,Back,No,3,843,10,Female,2,7,1,3,7,0,12/20/2016,21,21,21,21,21,21,102.1,101.9,101.5,922
54,Back,No,4,808,10,Male,3,4,3,5,4,1,12/20/2016,21,21,21,21,21,21,102.1,101.9,101.5,923
63,Front,No,1,208,10,Female,0,10,0,1,9,0,12/20/2016,21,21,21,21,21,21,102.1,101.9,101.5,924
35,Front,No,2,217,10,Male,2,7,1,2,6,2,12/20/2016,21,21,21,21,21,21,102.1,101.9,101.5,925
78,Front,No,3,385,10,Female,3,7,0,4,6,0,12/20/2016,21,21,21,21,21,21,102.1,101.9,101.5,926
99,Front,No,4,379,10,Male,3,7,0,3,7,0,12/20/2016,21,21,21,21,21,21,102.1,101.9,101.5,927
80,Back,No,1,367,10,Female,6,1,3,1,5,4,12/20/2016,21,21,21,21,21,21,102.1,101.9,101.5,928
111,Back,No,2,371,10,Male,4,6,0,4,5,1,12/20/2016,21,21,21,21,21,21,102.1,101.9,101.5,929
75,Back,No,4,229,10,Male,9,1,0,10,0,0,12/20/2016,21,21,21,21,21,21,102.1,101.9,101.5,930
107,Front,No,1,375,10,Female,8,2,0,8,2,0,12/20/2016,21,21,21,21,21,21,102.1,101.9,101.5,931
120,Front,No,2,373,10,Male,9,1,0,9,1,0,12/20/2016,21,21,21,21,21,21,102.1,101.9,101.5,932
114,Front,No,3,443,10,Female,3,7,0,2,8,0,12/20/2016,21,21,21,21,21,21,102.1,101.9,101.5,933
56,Front,No,4,439,10,Male,3,7,0,3,7,0,12/20/2016,21,21,21,21,21,21,102.1,101.9,101.5,934
37,Back,No,1,799,10,Female,7,2,1,6,3,1,12/20/2016,21,21,21,21,21,21,102.1,101.9,101.5,935
94,Back,No,2,774,10,Male,5,4,1,5,4,1,12/20/2016,21,21,21,21,21,21,102.1,101.9,101.5,936
25,Back,No,3,757,10,Female,1,9,0,0,9,1,12/20/2016,21,21,21,21,21,21,102.1,101.9,101.5,937
116,Back,No,4,491,10,Male,3,7,0,3,7,0,12/20/2016,21,21,21,21,21,21,102.1,101.9,101.5,938
46,Front,No,1,28,10,Female,4,3,3,4,6,0,12/20/2016,21,21,21,21,21,21,102.1,101.9,101.5,939
79,Front,No,2,26,10,Male,2,8,0,2,8,0,12/20/2016,21,21,21,21,21,21,102.1,101.9,101.5,940
27,Front,No,3,439,10,Female,3,6,1,3,7,0,12/20/2016,21,21,21,21,21,21,102.1,101.9,101.5,941
69,Front,No,4,443,10,Male,8,1,1,9,1,0,12/20/2016,21,21,21,21,21,21,102.1,101.9,101.5,942
42,Back,No,1,229,10,Female,0,10,0,1,9,0,12/20/2016,21,21,21,21,21,21,102.1,101.9,101.5,943
3,Back,No,2,228,10,Male,7,3,0,7,3,0,12/20/2016,21,21,21,21,21,21,102.1,101.9,101.5,944
90,Back,No,3,491,10,Female,9,0,1,9,0,1,12/20/2016,21,21,21,21,21,21,102.1,101.9,101.5,945
2,Back,No,4,757,10,Male,6,4,0,6,4,0,12/20/2016,21,21,21,21,21,21,102.1,101.9,101.5,946
122,Front,No,1,41,10,Female,2,8,0,4,6,0,12/20/2016,21,21,21,21,21,21,102.1,101.9,101.5,947
121,Front,No,2,42,10,Male,4,4,2,4,4,2,12/20/2016,21,21,21,21,21,21,102.1,101.9,101.5,948
89,Front,No,3,371,10,Female,2,7,1,2,7,1,12/20/2016,21,21,21,21,21,21,102.1,101.9,101.5,949
124,Front,No,4,367,10,Male,1,8,1,1,9,0,12/20/2016,21,21,21,21,21,21,102.1,101.9,101.5,950
55,Back,No,1,373,10,Female,1,8,1,3,6,1,12/20/2016,21,21,21,21,21,21,102.1,101.9,101.5,951
41,Back,No,2,375,10,Male,7,3,0,7,2,1,12/20/2016,21,21,21,21,21,21,102.1,101.9,101.5,952
108,Back,No,3,774,10,Female,4,6,0,5,5,0,12/20/2016,21,21,21,21,21,21,102.1,101.9,101.5,953
49,Back,No,4,799,10,Male,10,0,0,10,0,0,12/20/2016,21,21,21,21,21,21,102.1,101.9,101.5,954
127,Front,No,1,59,10,Female,3,6,1,4,6,0,12/20/2016,21,21,21,21,21,21,102.1,101.9,101.5,955
115,Front,No,2,85,10,Male,3,7,0,3,7,0,12/20/2016,21,21,21,21,21,21,102.1,101.9,101.5,956
52,Front,No,3,808,10,Female,2,4,4,2,7,1,12/20/2016,21,21,21,21,21,21,102.1,101.9,101.5,957
22,Front,No,4,843,10,Male,8,2,0,8,2,0,12/20/2016,21,21,21,21,21,21,102.1,101.9,101.5,958
24,Back,No,1,502,10,Female,2,5,3,3,6,1,12/20/2016,21,21,21,21,21,21,102.1,101.9,101.5,959
106,Back,No,2,508,10,Male,0,10,0,1,8,1,12/20/2016,21,21,21,21,21,21,102.1,101.9,101.5,960
6,Back,No,3,907,10,Female,3,6,1,4,6,0,12/20/2016,21,21,21,21,21,21,102.1,101.9,101.5,961
113,Back,No,4,911,10,Male,8,2,0,6,2,2,12/20/2016,21,21,21,21,21,21,102.1,101.9,101.5,962
50,Front,No,1,45,10,Female,8,1,1,8,2,0,12/20/2016,21,21,21,21,21,21,102.1,101.9,101.5,963
15,Front,No,2,57,10,Male,3,7,0,3,7,0,12/20/2016,21,21,21,21,21,21,102.1,101.9,101.5,964
81,Front,No,3,894,7,Female,3,4,0,4,3,0,12/20/2016,21,21,21,21,21,21,102.1,101.9,101.5,965
84,Front,No,4,900,10,Male,1,9,0,1,8,1,12/20/2016,21,21,21,21,21,21,102.1,101.9,101.5,966
58,Back,No,1,509,10,Female,6,3,1,7,3,0,12/20/2016,21,21,21,21,21,21,102.1,101.9,101.5,967
68,Back,No,2,517,10,Male,2,8,0,2,8,0,12/20/2016,21,21,21,21,21,21,102.1,101.9,101.5,968
53,Back,No,3,379,10,Female,2,7,1,2,6,2,12/20/2016,21,21,21,21,21,21,102.1,101.9,101.5,969
88,Back,No,4,385,10,Male,9,0,1,9,0,1,12/20/2016,21,21,21,21,21,21,102.1,101.9,101.5,970
74,Front,No,1,427,10,Female,6,3,1,8,2,0,12/20/2016,21,21,21,21,21,21,102.1,101.9,101.5,971
91,Front,No,2,437,10,Male,6,4,0,6,3,1,12/20/2016,21,21,21,21,21,21,102.1,101.9,101.5,972
92,Front,No,3,357,10,Female,7,3,0,5,4,1,12/20/2016,21,21,21,21,21,21,102.1,101.9,101.5,973
71,Front,No,4,354,10,Male,6,4,0,6,4,0,12/20/2016,21,21,21,21,21,21,102.1,101.9,101.5,974
67,Back,No,1,395,10,Female,1,8,1,1,8,1,12/20/2016,21,21,21,21,21,21,102.1,101.9,101.5,975
8,Back,No,2,399,10,Male,3,4,3,4,4,2,12/20/2016,21,21,21,21,21,21,102.1,101.9,101.5,976
62,Back,No,3,332,10,Female,5,5,0,4,5,1,12/20/2016,21,21,21,21,21,21,102.1,101.9,101.5,977
20,Back,No,4,315,10,Male,3,7,0,3,7,0,12/20/2016,21,21,21,21,21,21,102.1,101.9,101.5,978
16,Front,No,1,391,10,Female,5,3,2,5,4,1,12/20/2016,21,21,21,21,21,21,102.1,101.9,101.5,979
96,Front,No,2,392,10,Male,3,4,3,3,3,4,12/20/2016,21,21,21,21,21,21,102.1,101.9,101.5,980
13,Front,No,3,307,10,Female,2,7,1,2,8,0,12/20/2016,21,21,21,21,21,21,102.1,101.9,101.5,981
70,Front,No,4,301,10,Male,1,8,1,2,7,1,12/20/2016,21,21,21,21,21,21,102.1,101.9,101.5,982
19,Back,No,1,91,10,Female,1,6,3,2,7,1,12/20/2016,21,21,21,21,21,21,102.1,101.9,101.5,983
61,Back,No,2,129,10,Male,7,3,0,6,3,1,12/20/2016,21,21,21,21,21,21,102.1,101.9,101.5,984
64,Back,No,3,158,10,Female,1,8,1,0,8,2,12/20/2016,21,21,21,21,21,21,102.1,101.9,101.5,985
51,Back,No,4,177,10,Male,5,5,0,5,5,0,12/20/2016,21,21,21,21,21,21,102.1,101.9,101.5,986
45,Front,No,1,195,10,Female,2,5,3,0,10,0,12/20/2016,21,21,21,21,21,21,102.1,101.9,101.5,987
109,Front,No,2,208,8,Male,6,2,0,6,2,0,12/20/2016,21,21,21,21,21,21,102.1,101.9,101.5,988
123,Front,No,3,217,10,Female,2,6,2,3,5,2,12/20/2016,21,21,21,21,21,21,102.1,101.9,101.5,989
1,Front,No,4,88,10,Male,4,6,0,4,6,0,12/20/2016,21,21,21,21,21,21,102.1,101.9,101.5,990
30,Back,No,1,239,10,Female,7,2,1,2,6,2,12/20/2016,21,21,21,21,21,21,102.1,101.9,101.5,991
77,Back,No,2,235,9,Male,2,4,3,2,4,3,12/20/2016,21,21,21,21,21,21,102.1,101.9,101.5,992
5,Back,No,3,596,10,Female,6,3,1,7,3,0,12/20/2016,21,21,21,21,21,21,102.1,101.9,101.5,993
72,Back,No,4,703,10,Male,3,7,0,3,7,0,12/20/2016,21,21,21,21,21,21,102.1,101.9,101.5,994
